[Licensing::Module] Trying to connect to existing licensing client channel...
Built from '6000.2/respin/6000.2.8f1-e4064264ae96' branch; Version is '6000.2.8f1 (c9992ac36c34) revision 13211946'; Using compiler version '194234433'; Build Type 'Release'
[Licensing::IpcConnector] Successfully connected to: "LicenseClient-oliau" at "2025-12-05T16:46:54.7450406Z"
OS: 'Windows 11  (10.0.26200) 64bit Professional' Language: 'fr' Physical Memory: 28330 MB
BatchMode: 1, IsHumanControllingUs: 0, StartBugReporterOnCrash: 0, Is64bit: 1
Date: 2025-12-05T16:46:54Z

COMMAND LINE ARGUMENTS:
C:\Program Files\Unity\Hub\Editor\6000.2.8f1\Editor\Unity.exe
-adb2
-batchMode
-noUpm
-name
AssetImportWorker3
-projectPath
C:/Users/oliau/Desktop/TIM 2025/2-Automne/3J3/TP/TP-Jeu
-logFile
Logs/AssetImportWorker3.log
-srvPort
53972
-licensingIpc
LicenseClient-oliau
-job-worker-count
7
-background-job-worker-count
8
-gc-helper-count
1
-name
AssetImport
Successfully changed project path to: C:/Users/oliau/Desktop/TIM 2025/2-Automne/3J3/TP/TP-Jeu
C:/Users/oliau/Desktop/TIM 2025/2-Automne/3J3/TP/TP-Jeu
[UnityMemory] Configuration Parameters - Can be set up in boot.config
    "memorysetup-allocator-temp-initial-block-size-main=262144"
    "memorysetup-allocator-temp-initial-block-size-worker=262144"
    "memorysetup-bucket-allocator-granularity=16"
    "memorysetup-bucket-allocator-bucket-count=8"
    "memorysetup-bucket-allocator-block-size=33554432"
    "memorysetup-bucket-allocator-block-count=8"
    "memorysetup-main-allocator-block-size=16777216"
    "memorysetup-thread-allocator-block-size=16777216"
    "memorysetup-gfx-main-allocator-block-size=16777216"
    "memorysetup-gfx-thread-allocator-block-size=16777216"
    "memorysetup-cache-allocator-block-size=4194304"
    "memorysetup-typetree-allocator-block-size=2097152"
    "memorysetup-profiler-bucket-allocator-granularity=16"
    "memorysetup-profiler-bucket-allocator-bucket-count=8"
    "memorysetup-profiler-bucket-allocator-block-size=33554432"
    "memorysetup-profiler-bucket-allocator-block-count=8"
    "memorysetup-profiler-allocator-block-size=16777216"
    "memorysetup-profiler-editor-allocator-block-size=1048576"
    "memorysetup-temp-allocator-size-main=16777216"
    "memorysetup-job-temp-allocator-block-size=2097152"
    "memorysetup-job-temp-allocator-block-size-background=1048576"
    "memorysetup-job-temp-allocator-reduction-small-platforms=262144"
    "memorysetup-temp-allocator-size-background-worker=32768"
    "memorysetup-temp-allocator-size-job-worker=262144"
    "memorysetup-temp-allocator-size-preload-manager=33554432"
    "memorysetup-temp-allocator-size-nav-mesh-worker=65536"
    "memorysetup-temp-allocator-size-audio-worker=65536"
    "memorysetup-temp-allocator-size-cloud-worker=32768"
    "memorysetup-temp-allocator-size-gi-baking-worker=262144"
    "memorysetup-temp-allocator-size-gi-baking-worker=262144"
    "memorysetup-temp-allocator-size-gi-baking-worker=262144"
    "memorysetup-temp-allocator-size-gi-baking-worker=262144"
    "memorysetup-temp-allocator-size-gi-baking-worker=262144"
    "memorysetup-temp-allocator-size-gfx=262144"
Player connection [23904]  Target information:

Player connection [23904]  * "[IP] 10.50.8.129 [Port] 0 [Flags] 2 [Guid] 2855387821 [EditorId] 2855387821 [Version] 1048832 [Id] WindowsEditor(7,OLI-SCHOOL-LAP) [Debug] 1 [PackageName] WindowsEditor [ProjectName] Editor" 

Player connection [23904] Host joined multi-casting on [225.0.0.222:54997]...
Player connection [23904] Host joined alternative multi-casting on [225.0.0.222:34997]...
JobSystem: Creating JobQueue using job-worker-count value 7
Input System module state changed to: Initialized.
[Physics::Module] Initialized fallback backend.
[Physics::Module] Id: 0xdecafbad
[Licensing::Client] Code 10 while verifying Licensing Client signature (process Id: 13180, path: "C:/Program Files/Unity Hub/UnityLicensingClient_V1/Unity.Licensing.Client.exe")
[Licensing::Module] LicensingClient has failed validation; ignoring
[Licensing::Client] Handshaking with LicensingClient:
  Version:                 1.17.3+a4e98f1
  Session Id:              6ad663cafc214e18b43f174bef8f4f7d
  Correlation Id:          49831b8d12f802d6f393610d5344d66c
  External correlation Id: 1639495319423812525
  Machine Id:              38a2xp5jTUHMWTaAZnWFeybQ1e8=
[Licensing::Module] Successfully connected to LicensingClient on channel: "LicenseClient-oliau" (connect: 0.00s, validation: 0.02s, handshake: 0.06s)
[Licensing::IpcConnector] Successfully connected to: "LicenseClient-oliau-notifications" at "2025-12-05T16:46:54.8199226Z"
[Licensing::Module] Licensing Background thread has ended after 0.08s
Library Redirect Path: Library/
[Physics::Module] Selected backend.
[Physics::Module] Name: PhysX
[Physics::Module] Id: 0xf2b8ea05
[Physics::Module] SDK Version: 4.1.2
[Physics::Module] Integration Version: 1.0.0
[Physics::Module] Threading Mode: Multi-Threaded
Refreshing native plugins compatible for Editor in 5.33 ms, found 3 plugins.
Preloading 0 native plugins for Editor in 0.00 ms.
Initialize engine version: 6000.2.8f1 (c9992ac36c34)
[Subsystems] Discovering subsystems at path C:/Program Files/Unity/Hub/Editor/6000.2.8f1/Editor/Data/Resources/UnitySubsystems
[Subsystems] Discovering subsystems at path C:/Users/oliau/Desktop/TIM 2025/2-Automne/3J3/TP/TP-Jeu/Assets
GfxDevice: creating device client; kGfxThreadingModeNonThreaded
Direct3D:
    Version:  Direct3D 11.0 [level 11.1]
    Renderer: AMD Radeon 780M Graphics (ID=0x1900)
    Vendor:   ATI
    VRAM:     14165 MB
    Driver:   32.0.13040.12005
Initialize mono
Mono path[0] = 'C:/Program Files/Unity/Hub/Editor/6000.2.8f1/Editor/Data/Managed'
Mono path[1] = 'C:/Program Files/Unity/Hub/Editor/6000.2.8f1/Editor/Data/MonoBleedingEdge/lib/mono/unityjit-win32'
Mono config path = 'C:/Program Files/Unity/Hub/Editor/6000.2.8f1/Editor/Data/MonoBleedingEdge/etc'
Using monoOptions --debugger-agent=transport=dt_socket,embedding=1,server=y,suspend=n,address=127.0.0.1:56812
Begin MonoManager ReloadAssembly
Registering precompiled unity dll's ...
Register platform support module: C:/Program Files/Unity/Hub/Editor/6000.2.8f1/Editor/Data/PlaybackEngines/WindowsStandaloneSupport/UnityEditor.WindowsStandalone.Extensions.dll
Registered in 0.003929 seconds.
- Loaded All Assemblies, in  0.625 seconds
Native extension for WindowsStandalone target not found
Mono: successfully reloaded assembly
- Finished resetting the current domain, in  0.474 seconds
Domain Reload Profiling: 1093ms
	BeginReloadAssembly (192ms)
		ExecutionOrderSort (0ms)
		DisableScriptedObjects (0ms)
		BackupInstance (0ms)
		ReleaseScriptingObjects (0ms)
		CreateAndSetChildDomain (2ms)
	RebuildCommonClasses (62ms)
	RebuildNativeTypeToScriptingClass (14ms)
	initialDomainReloadingComplete (87ms)
	LoadAllAssembliesAndSetupDomain (264ms)
		LoadAssemblies (186ms)
		RebuildTransferFunctionScriptingTraits (0ms)
		AnalyzeDomain (259ms)
			TypeCache.Refresh (256ms)
				TypeCache.ScanAssembly (237ms)
			BuildScriptInfoCaches (0ms)
			ResolveRequiredComponents (1ms)
	FinalizeReload (474ms)
		ReleaseScriptCaches (0ms)
		RebuildScriptCaches (0ms)
		SetupLoadedEditorAssemblies (415ms)
			LogAssemblyErrors (0ms)
			InitializePlatformSupportModulesInManaged (71ms)
			SetLoadedEditorAssemblies (8ms)
			BeforeProcessingInitializeOnLoad (121ms)
			ProcessInitializeOnLoadAttributes (151ms)
			ProcessInitializeOnLoadMethodAttributes (63ms)
			AfterProcessingInitializeOnLoad (0ms)
			EditorAssembliesLoaded (0ms)
		ExecutionOrderSort2 (0ms)
		AwakeInstancesAfterBackupRestoration (0ms)
========================================================================
Worker process is ready to serve import requests
Import Worker Mode flag is 0x00
Begin MonoManager ReloadAssembly
[Licensing::Client] Successfully resolved entitlement details
[Licensing::Module] License group:
  Id: 3574297690481-UnityPersXXXX
  Product: Unity Personal
  Type: Assigned
  Expiration: Unlimited
- Loaded All Assemblies, in  1.072 seconds
'Packages/com.unity.render-pipelines.high-definition/Editor/Wizard/HDWizard.UIElement.cs' contains partial class of Unity.Object, exactly 1 of the partial classes needs to be in a file with the same filename. This is to know the one that can be referenced from ie. GameObjects
'Packages/com.unity.render-pipelines.high-definition/Editor/Wizard/HDWizard.Configuration.cs' contains partial class of Unity.Object, exactly 1 of the partial classes needs to be in a file with the same filename. This is to know the one that can be referenced from ie. GameObjects
'Packages/com.unity.render-pipelines.high-definition/Editor/Wizard/HDWizard.Window.cs' contains partial class of Unity.Object, exactly 1 of the partial classes needs to be in a file with the same filename. This is to know the one that can be referenced from ie. GameObjects
Refreshing native plugins compatible for Editor in 1.51 ms, found 3 plugins.
Native extension for WindowsStandalone target not found
Package Manager log level set to [2]
[Package Manager] Failed to launch server process. Reason: Unity was launched with the -noUpm command-line argument
[Package Manager] Unable to send message (not connected to server process).
[Package Manager] Cannot connect to Unity Package Manager local server
Mono: successfully reloaded assembly
- Finished resetting the current domain, in  0.925 seconds
Domain Reload Profiling: 1987ms
	BeginReloadAssembly (242ms)
		ExecutionOrderSort (0ms)
		DisableScriptedObjects (9ms)
		BackupInstance (0ms)
		ReleaseScriptingObjects (0ms)
		CreateAndSetChildDomain (44ms)
	RebuildCommonClasses (40ms)
	RebuildNativeTypeToScriptingClass (11ms)
	initialDomainReloadingComplete (49ms)
	LoadAllAssembliesAndSetupDomain (720ms)
		LoadAssemblies (478ms)
		RebuildTransferFunctionScriptingTraits (0ms)
		AnalyzeDomain (359ms)
			TypeCache.Refresh (263ms)
				TypeCache.ScanAssembly (245ms)
			BuildScriptInfoCaches (75ms)
			ResolveRequiredComponents (15ms)
	FinalizeReload (925ms)
		ReleaseScriptCaches (0ms)
		RebuildScriptCaches (0ms)
		SetupLoadedEditorAssemblies (689ms)
			LogAssemblyErrors (0ms)
			InitializePlatformSupportModulesInManaged (4ms)
			SetLoadedEditorAssemblies (7ms)
			BeforeProcessingInitializeOnLoad (163ms)
			ProcessInitializeOnLoadAttributes (422ms)
			ProcessInitializeOnLoadMethodAttributes (83ms)
			AfterProcessingInitializeOnLoad (10ms)
			EditorAssembliesLoaded (0ms)
		ExecutionOrderSort2 (0ms)
		AwakeInstancesAfterBackupRestoration (9ms)
WARNING: Shader Unsupported: 'HDRP/TerrainLit' - All subshaders removed
WARNING: Shader Did you use #pragma only_renderers and omit this platform?
WARNING: Shader If subshaders removal was intentional, you may have forgotten turning Fallback off?
WARNING: Shader Unsupported: 'HDRP/TerrainLit' - All subshaders removed
WARNING: Shader Did you use #pragma only_renderers and omit this platform?
WARNING: Shader If subshaders removal was intentional, you may have forgotten turning Fallback off?
Launched and connected shader compiler UnityShaderCompiler.exe after 0.03 seconds
Refreshing native plugins compatible for Editor in 1.28 ms, found 3 plugins.
Preloading 0 native plugins for Editor in 0.00 ms.
Unloading 193 Unused Serialized files (Serialized files now loaded: 0)
Unloading 7960 unused Assets / (39.8 MB). Loaded Objects now: 8631.
Memory consumption went from 219.2 MB to 179.4 MB.
Total: 17.754900 ms (FindLiveObjects: 1.016900 ms CreateObjectMapping: 0.957900 ms MarkObjects: 5.465500 ms  DeleteObjects: 10.311100 ms)

========================================================================
Received Import Request.
  Time since last request: 272056.833931 seconds.
  path: Assets/TextMesh Pro/Sprites/EmojiOne.json
  artifactKey: Guid(8f05276190cf498a8153f6cbe761d4e6) Importer(2089858483,192608db42251d675da83286b1cce702)
Start importing Assets/TextMesh Pro/Sprites/EmojiOne.json using Guid(8f05276190cf498a8153f6cbe761d4e6) Importer(2089858483,192608db42251d675da83286b1cce702) (ScriptedImporter) -> (artifact id: 'b93af282579eb17e5b253b9b573496e4') in 0.2378178 seconds
Number of updated asset objects reloaded before import = 0Number of asset objects unloaded after import = 1

========================================================================
Received Import Request.
  Time since last request: 0.000023 seconds.
  path: Assets/Assets-Importe/Fries and Seagull/City 03/Prefabs/Mailbox/Mailbox 3.prefab
  artifactKey: Guid(6c693d50f00a83d4b9d8e12ead783a93) Importer(2089858483,192608db42251d675da83286b1cce702)
Start importing Assets/Assets-Importe/Fries and Seagull/City 03/Prefabs/Mailbox/Mailbox 3.prefab using Guid(6c693d50f00a83d4b9d8e12ead783a93) Importer(2089858483,192608db42251d675da83286b1cce702) (ScriptedImporter) -> (artifact id: '9075cbfaa4409cab514bb31ed4a86066') in 0.114664 seconds
Number of updated asset objects reloaded before import = 0Number of asset objects unloaded after import = 18

========================================================================
Received Import Request.
  Time since last request: 0.000029 seconds.
  path: Assets/TextMesh Pro/Shaders/TMP_SDF-URP Unlit.shadergraph
  artifactKey: Guid(124c112a6e8f1a54e8b0870e881b56d8) Importer(2089858483,192608db42251d675da83286b1cce702)
Start importing Assets/TextMesh Pro/Shaders/TMP_SDF-URP Unlit.shadergraph using Guid(124c112a6e8f1a54e8b0870e881b56d8) Importer(2089858483,192608db42251d675da83286b1cce702) (ScriptedImporter) -> (artifact id: '536fbbf9e493a27ee5c85fae3593f543') in 0.0437071 seconds
Number of updated asset objects reloaded before import = 0Number of asset objects unloaded after import = 4

========================================================================
Received Import Request.
  Time since last request: 0.000022 seconds.
  path: Assets/Assets-Importe/Kevin Iglesias/Human Animations/Animations/Male
  artifactKey: Guid(f2c0bdf39740723408c784517a995932) Importer(2089858483,192608db42251d675da83286b1cce702)
Start importing Assets/Assets-Importe/Kevin Iglesias/Human Animations/Animations/Male using Guid(f2c0bdf39740723408c784517a995932) Importer(2089858483,192608db42251d675da83286b1cce702) (ScriptedImporter) -> (artifact id: 'ed5f65f00d6284e536eb6bbc49f10945') in 0.0095217 seconds
Number of updated asset objects reloaded before import = 0Number of asset objects unloaded after import = 1

========================================================================
Received Import Request.
  Time since last request: 0.000020 seconds.
  path: Assets/Assets-Importe/Fries and Seagull/City 03/Prefabs/Public Utility
  artifactKey: Guid(c8aafd1c6591dd046b253fbdbef18807) Importer(2089858483,192608db42251d675da83286b1cce702)
Start importing Assets/Assets-Importe/Fries and Seagull/City 03/Prefabs/Public Utility using Guid(c8aafd1c6591dd046b253fbdbef18807) Importer(2089858483,192608db42251d675da83286b1cce702) (ScriptedImporter) -> (artifact id: '77300589f22667b28a167a3d4c92d19e') in 0.0106852 seconds
Number of updated asset objects reloaded before import = 0Number of asset objects unloaded after import = 1

========================================================================
Received Import Request.
  Time since last request: 0.000024 seconds.
  path: Assets/Assets-Importe/Dnk_Dev/Brick_Fence/Models/SM_Brick_Fence_01b.FBX
  artifactKey: Guid(f5d4e99060e5e0b4e898c458761b32fc) Importer(2089858483,192608db42251d675da83286b1cce702)
Start importing Assets/Assets-Importe/Dnk_Dev/Brick_Fence/Models/SM_Brick_Fence_01b.FBX using Guid(f5d4e99060e5e0b4e898c458761b32fc) Importer(2089858483,192608db42251d675da83286b1cce702) (ScriptedImporter) -> (artifact id: '3f91ecf7fc52afe6cf3f5e4bae50beb5') in 0.0546706 seconds
Number of updated asset objects reloaded before import = 0Number of asset objects unloaded after import = 19

========================================================================
Received Import Request.
  Time since last request: 0.000036 seconds.
  path: Assets/Assets-Importe/Fries and Seagull/City 03/Models/Ground.fbx
  artifactKey: Guid(a7393351d55a47244ab654eda3e7034f) Importer(2089858483,192608db42251d675da83286b1cce702)
Start importing Assets/Assets-Importe/Fries and Seagull/City 03/Models/Ground.fbx using Guid(a7393351d55a47244ab654eda3e7034f) Importer(2089858483,192608db42251d675da83286b1cce702) (ScriptedImporter) -> (artifact id: '5f88d436daa3a21d6b8279e872634664') in 0.0689776 seconds
Number of updated asset objects reloaded before import = 0Number of asset objects unloaded after import = 33

========================================================================
Received Import Request.
  Time since last request: 0.000028 seconds.
  path: Assets/Assets-Importe/Trees Package Lite/Meshes/sign_002.fbx
  artifactKey: Guid(c221b3213c048cc45b2dc5079f6f6aad) Importer(2089858483,192608db42251d675da83286b1cce702)
Start importing Assets/Assets-Importe/Trees Package Lite/Meshes/sign_002.fbx using Guid(c221b3213c048cc45b2dc5079f6f6aad) Importer(2089858483,192608db42251d675da83286b1cce702) (ScriptedImporter) -> (artifact id: '3d090db95890ce3514787caa46ca3626') in 0.0277129 seconds
Number of updated asset objects reloaded before import = 0Number of asset objects unloaded after import = 8

========================================================================
Received Import Request.
  Time since last request: 0.000026 seconds.
  path: Assets/Assets-Importe/Fries and Seagull/City 03/Prefabs/Light Sources/Traffic Light 1.prefab
  artifactKey: Guid(25eb5f01f4d9a0147b4bb3d9a6a749ae) Importer(2089858483,192608db42251d675da83286b1cce702)
Start importing Assets/Assets-Importe/Fries and Seagull/City 03/Prefabs/Light Sources/Traffic Light 1.prefab using Guid(25eb5f01f4d9a0147b4bb3d9a6a749ae) Importer(2089858483,192608db42251d675da83286b1cce702) (ScriptedImporter) -> (artifact id: 'ae7984c98635c23f3945a310c9d5bf09') in 0.0270865 seconds
Number of updated asset objects reloaded before import = 0Number of asset objects unloaded after import = 53

========================================================================
Received Import Request.
  Time since last request: 0.000030 seconds.
  path: Assets/poutine.controller
  artifactKey: Guid(a253821bbb266a94e8102f1cc0b4885d) Importer(2089858483,192608db42251d675da83286b1cce702)
Start importing Assets/poutine.controller using Guid(a253821bbb266a94e8102f1cc0b4885d) Importer(2089858483,192608db42251d675da83286b1cce702) (ScriptedImporter) -> (artifact id: '7e24070631102a30872250aa984afb81') in 0.0130614 seconds
Number of updated asset objects reloaded before import = 0Number of asset objects unloaded after import = 4

========================================================================
Received Import Request.
  Time since last request: 0.000019 seconds.
  path: Assets/Assets-Importe
  artifactKey: Guid(0326f1c31c6ca66409af3e48fd263213) Importer(2089858483,192608db42251d675da83286b1cce702)
Start importing Assets/Assets-Importe using Guid(0326f1c31c6ca66409af3e48fd263213) Importer(2089858483,192608db42251d675da83286b1cce702) (ScriptedImporter) -> (artifact id: '3ad0bef40f7d30003cbf721d2eab62e8') in 0.0074742 seconds
Number of updated asset objects reloaded before import = 0Number of asset objects unloaded after import = 1

========================================================================
Received Import Request.
  Time since last request: 0.000017 seconds.
  path: Assets/TextMesh Pro/Shaders/TMP_Sprite.shader
  artifactKey: Guid(cf81c85f95fe47e1a27f6ae460cf182c) Importer(2089858483,192608db42251d675da83286b1cce702)
Start importing Assets/TextMesh Pro/Shaders/TMP_Sprite.shader using Guid(cf81c85f95fe47e1a27f6ae460cf182c) Importer(2089858483,192608db42251d675da83286b1cce702) (ScriptedImporter) -> (artifact id: 'd86e9a3a84b13ccbd8692484233fb99b') in 0.0095247 seconds
Number of updated asset objects reloaded before import = 0Number of asset objects unloaded after import = 1

========================================================================
Received Import Request.
  Time since last request: 0.000022 seconds.
  path: Assets/Assets-Importe/Kevin Iglesias/Human Animations/Animations/Male/Movement/Jump
  artifactKey: Guid(963ee8470a874de4b84d8db6f887cd34) Importer(2089858483,192608db42251d675da83286b1cce702)
Start importing Assets/Assets-Importe/Kevin Iglesias/Human Animations/Animations/Male/Movement/Jump using Guid(963ee8470a874de4b84d8db6f887cd34) Importer(2089858483,192608db42251d675da83286b1cce702) (ScriptedImporter) -> (artifact id: '4e3f07fbbefe69222340da9c3aab5ecd') in 0.0091838 seconds
Number of updated asset objects reloaded before import = 0Number of asset objects unloaded after import = 1

========================================================================
Received Import Request.
  Time since last request: 0.000030 seconds.
  path: Assets/Assets-Importe/Trees Package Lite/Meshes/tree_1_fall_001.fbx
  artifactKey: Guid(7f76ae9184129bc4cbb46ce78c68c54f) Importer(2089858483,192608db42251d675da83286b1cce702)
Start importing Assets/Assets-Importe/Trees Package Lite/Meshes/tree_1_fall_001.fbx using Guid(7f76ae9184129bc4cbb46ce78c68c54f) Importer(2089858483,192608db42251d675da83286b1cce702) (ScriptedImporter) -> (artifact id: 'cf829ca0f6c6c48f556265c6030459e8') in 0.0302763 seconds
Number of updated asset objects reloaded before import = 0Number of asset objects unloaded after import = 8

========================================================================
Received Import Request.
  Time since last request: 0.000023 seconds.
  path: Assets/Assets-Importe/Kevin Iglesias/Human Animations/Scripts/UpperBodyAnimations-SpineProxy.url
  artifactKey: Guid(600f7cf1c6250e84687d018d42666742) Importer(2089858483,192608db42251d675da83286b1cce702)
Start importing Assets/Assets-Importe/Kevin Iglesias/Human Animations/Scripts/UpperBodyAnimations-SpineProxy.url using Guid(600f7cf1c6250e84687d018d42666742) Importer(2089858483,192608db42251d675da83286b1cce702) (ScriptedImporter) -> (artifact id: '60e66c6c8b452a40e6eefdacbdcc1802') in 0.0083218 seconds
Number of updated asset objects reloaded before import = 0Number of asset objects unloaded after import = 1

========================================================================
Received Import Request.
  Time since last request: 0.000015 seconds.
  path: Assets/Assets-Importe/Fries and Seagull/City 03/Prefabs/Barrier/Barrier 4.prefab
  artifactKey: Guid(7e34d7916f3b10b4394de129ac648f73) Importer(2089858483,192608db42251d675da83286b1cce702)
Start importing Assets/Assets-Importe/Fries and Seagull/City 03/Prefabs/Barrier/Barrier 4.prefab using Guid(7e34d7916f3b10b4394de129ac648f73) Importer(2089858483,192608db42251d675da83286b1cce702) (ScriptedImporter) -> (artifact id: '6055a8bc46f2b2ac95778947ae62a2a4') in 0.0166952 seconds
Number of updated asset objects reloaded before import = 0Number of asset objects unloaded after import = 27

========================================================================
Received Import Request.
  Time since last request: 0.000024 seconds.
  path: Assets/Assets-Importe/Kevin Iglesias/Human Animations/Animations/Male/Movement/Walk/RootMotion
  artifactKey: Guid(11d274b4b5c082449a03eb98bce92189) Importer(2089858483,192608db42251d675da83286b1cce702)
Start importing Assets/Assets-Importe/Kevin Iglesias/Human Animations/Animations/Male/Movement/Walk/RootMotion using Guid(11d274b4b5c082449a03eb98bce92189) Importer(2089858483,192608db42251d675da83286b1cce702) (ScriptedImporter) -> (artifact id: '2ddc7f74fc0a8eea78b6034a5c64bffd') in 0.0080515 seconds
Number of updated asset objects reloaded before import = 0Number of asset objects unloaded after import = 1

========================================================================
Received Import Request.
  Time since last request: 0.000024 seconds.
  path: Assets/Assets-Importe/Fries and Seagull/City 03/Prefabs/Mailbox/Mailbox 2.prefab
  artifactKey: Guid(310dedf062f4f094eb0044ea9b1aed6e) Importer(2089858483,192608db42251d675da83286b1cce702)
Start importing Assets/Assets-Importe/Fries and Seagull/City 03/Prefabs/Mailbox/Mailbox 2.prefab using Guid(310dedf062f4f094eb0044ea9b1aed6e) Importer(2089858483,192608db42251d675da83286b1cce702) (ScriptedImporter) -> (artifact id: '60ce54846dd37844735eba2d02dfccc9') in 0.022239 seconds
Number of updated asset objects reloaded before import = 0Number of asset objects unloaded after import = 17

========================================================================
Received Import Request.
  Time since last request: 0.000016 seconds.
  path: Assets/Assets-Importe/Kevin Iglesias/Human Animations/Animations/Male/Movement/Walk/RootMotion/HumanM@Walk01_Right [RM].fbx
  artifactKey: Guid(10772571bbe13c84bb9245af6e5e0e77) Importer(2089858483,192608db42251d675da83286b1cce702)
Start importing Assets/Assets-Importe/Kevin Iglesias/Human Animations/Animations/Male/Movement/Walk/RootMotion/HumanM@Walk01_Right [RM].fbx using Guid(10772571bbe13c84bb9245af6e5e0e77) Importer(2089858483,192608db42251d675da83286b1cce702) (ScriptedImporter) -> (artifact id: 'd35a06f3d84f2d741ac1e88fb3e60b51') in 0.0578749 seconds
Number of updated asset objects reloaded before import = 0Number of asset objects unloaded after import = 120

========================================================================
Received Import Request.
  Time since last request: 0.000023 seconds.
  path: Assets/Assets-Importe/Trees Package Lite/Meshes/rock_snowy_006.fbx
  artifactKey: Guid(2f9f4961847902241b3e9fb2b5287083) Importer(2089858483,192608db42251d675da83286b1cce702)
Start importing Assets/Assets-Importe/Trees Package Lite/Meshes/rock_snowy_006.fbx using Guid(2f9f4961847902241b3e9fb2b5287083) Importer(2089858483,192608db42251d675da83286b1cce702) (ScriptedImporter) -> (artifact id: '9ba66976947770dd7c6bb266c7e569ff') in 0.0335654 seconds
Number of updated asset objects reloaded before import = 0Number of asset objects unloaded after import = 8

========================================================================
Received Import Request.
  Time since last request: 0.000034 seconds.
  path: Assets/Assets-Importe/Kevin Iglesias/Human Animations/Animations/Female/Movement/Walk/HumanF@Walk01_ForwardRight.fbx
  artifactKey: Guid(a82fb70254a844243a7fe7e02b1ff809) Importer(2089858483,192608db42251d675da83286b1cce702)
Start importing Assets/Assets-Importe/Kevin Iglesias/Human Animations/Animations/Female/Movement/Walk/HumanF@Walk01_ForwardRight.fbx using Guid(a82fb70254a844243a7fe7e02b1ff809) Importer(2089858483,192608db42251d675da83286b1cce702) (ScriptedImporter) -> (artifact id: '2a51bd932c01d4076ed63846ca1ca0dc') in 0.0323953 seconds
Number of updated asset objects reloaded before import = 0Number of asset objects unloaded after import = 120

========================================================================
Received Import Request.
  Time since last request: 0.000017 seconds.
  path: Assets/Assets-Importe/Trees Package Lite/Meshes/stump_006.fbx
  artifactKey: Guid(de209842c5136d041842489a189c9eb6) Importer(2089858483,192608db42251d675da83286b1cce702)
Start importing Assets/Assets-Importe/Trees Package Lite/Meshes/stump_006.fbx using Guid(de209842c5136d041842489a189c9eb6) Importer(2089858483,192608db42251d675da83286b1cce702) (ScriptedImporter) -> (artifact id: 'aaafe22a3ad60fe547bba67630985550') in 0.0294344 seconds
Number of updated asset objects reloaded before import = 0Number of asset objects unloaded after import = 8

========================================================================
Received Import Request.
  Time since last request: 0.000021 seconds.
  path: Assets/Assets-Importe/Fries and Seagull/City 03/Prefabs/Trash/Trash Can 4.prefab
  artifactKey: Guid(11e72242f385d85429bbeb059241f4da) Importer(2089858483,192608db42251d675da83286b1cce702)
Start importing Assets/Assets-Importe/Fries and Seagull/City 03/Prefabs/Trash/Trash Can 4.prefab using Guid(11e72242f385d85429bbeb059241f4da) Importer(2089858483,192608db42251d675da83286b1cce702) (ScriptedImporter) -> (artifact id: 'd1fcbc78c5a1f437c2672ebe362391f4') in 0.0185541 seconds
Number of updated asset objects reloaded before import = 0Number of asset objects unloaded after import = 17

========================================================================
Received Import Request.
  Time since last request: 0.000026 seconds.
  path: Assets/Assets-Importe/Trees Package Lite/Meshes/cactus.fbx
  artifactKey: Guid(f74ec822db26d464da60079e3dead73b) Importer(2089858483,192608db42251d675da83286b1cce702)
Start importing Assets/Assets-Importe/Trees Package Lite/Meshes/cactus.fbx using Guid(f74ec822db26d464da60079e3dead73b) Importer(2089858483,192608db42251d675da83286b1cce702) (ScriptedImporter) -> (artifact id: 'd5891e856373568ac9261586b6b1e983') in 0.0281893 seconds
Number of updated asset objects reloaded before import = 0Number of asset objects unloaded after import = 8

========================================================================
Received Import Request.
  Time since last request: 0.000018 seconds.
  path: Assets/Assets-Importe/Fries and Seagull/City 03/Prefabs/Ground Mark/Ground Markings 3.prefab
  artifactKey: Guid(4d29c640f7836344eb4498c868d0f556) Importer(2089858483,192608db42251d675da83286b1cce702)
Start importing Assets/Assets-Importe/Fries and Seagull/City 03/Prefabs/Ground Mark/Ground Markings 3.prefab using Guid(4d29c640f7836344eb4498c868d0f556) Importer(2089858483,192608db42251d675da83286b1cce702) (ScriptedImporter) -> (artifact id: 'ead342b2fcbd65cbc11b0f6ea95bd3cb') in 0.0147771 seconds
Number of updated asset objects reloaded before import = 0Number of asset objects unloaded after import = 13

========================================================================
Received Import Request.
  Time since last request: 0.000019 seconds.
  path: Assets/Assets-Importe/Trees Package Lite/Meshes/tree_1_snowy.fbx
  artifactKey: Guid(f4b375734a861a44989def423ee8792d) Importer(2089858483,192608db42251d675da83286b1cce702)
Start importing Assets/Assets-Importe/Trees Package Lite/Meshes/tree_1_snowy.fbx using Guid(f4b375734a861a44989def423ee8792d) Importer(2089858483,192608db42251d675da83286b1cce702) (ScriptedImporter) -> (artifact id: '83680575fedcf10e409bb6bc3a8234d3') in 0.0241565 seconds
Number of updated asset objects reloaded before import = 0Number of asset objects unloaded after import = 8

========================================================================
Received Import Request.
  Time since last request: 0.000026 seconds.
  path: Assets/Assets-Importe/Kevin Iglesias/Human Animations/Animations/Male/Movement/Run/RootMotion/HumanM@Run01_Right [RM].fbx
  artifactKey: Guid(c94ea603add67b745a5c6198446707fb) Importer(2089858483,192608db42251d675da83286b1cce702)
Start importing Assets/Assets-Importe/Kevin Iglesias/Human Animations/Animations/Male/Movement/Run/RootMotion/HumanM@Run01_Right [RM].fbx using Guid(c94ea603add67b745a5c6198446707fb) Importer(2089858483,192608db42251d675da83286b1cce702) (ScriptedImporter) -> (artifact id: '0add1a753a683e3320fbb4e05d45befd') in 0.0346211 seconds
Number of updated asset objects reloaded before import = 0Number of asset objects unloaded after import = 120

========================================================================
Received Import Request.
  Time since last request: 0.000029 seconds.
  path: Assets/Assets-Importe/Fries and Seagull/City 03/Prefabs/Prefab Group/Tree Group.prefab
  artifactKey: Guid(38eb95f2e286a4d4685c8d011f5d073a) Importer(2089858483,192608db42251d675da83286b1cce702)
Start importing Assets/Assets-Importe/Fries and Seagull/City 03/Prefabs/Prefab Group/Tree Group.prefab using Guid(38eb95f2e286a4d4685c8d011f5d073a) Importer(2089858483,192608db42251d675da83286b1cce702) (ScriptedImporter) -> (artifact id: '70bb12783546aa778d8fa3c0d23e734a') in 0.0303643 seconds
Number of updated asset objects reloaded before import = 0Number of asset objects unloaded after import = 47

========================================================================
Received Import Request.
  Time since last request: 0.000018 seconds.
  path: Assets/Assets-Importe/Fries and Seagull/City 03/Models/Public Table.fbx
  artifactKey: Guid(d63f7a736a5a1f5419966416d8907172) Importer(2089858483,192608db42251d675da83286b1cce702)
Start importing Assets/Assets-Importe/Fries and Seagull/City 03/Models/Public Table.fbx using Guid(d63f7a736a5a1f5419966416d8907172) Importer(2089858483,192608db42251d675da83286b1cce702) (ScriptedImporter) -> (artifact id: '8c7893619d9f63258c4980e6283e7441') in 0.0330035 seconds
Number of updated asset objects reloaded before import = 0Number of asset objects unloaded after import = 10

========================================================================
Received Import Request.
  Time since last request: 0.000022 seconds.
  path: Assets/Assets-Importe/Fries and Seagull/City 03/Prefabs/Manhole/Manhole Covers 2.prefab
  artifactKey: Guid(e5adab63a4810a24db2afc48ae74e805) Importer(2089858483,192608db42251d675da83286b1cce702)
Start importing Assets/Assets-Importe/Fries and Seagull/City 03/Prefabs/Manhole/Manhole Covers 2.prefab using Guid(e5adab63a4810a24db2afc48ae74e805) Importer(2089858483,192608db42251d675da83286b1cce702) (ScriptedImporter) -> (artifact id: 'f71cac00f5240031a777e7be640778d5') in 0.0213092 seconds
Number of updated asset objects reloaded before import = 0Number of asset objects unloaded after import = 17

========================================================================
Received Import Request.
  Time since last request: 0.000037 seconds.
  path: Assets/Assets-Importe/Kevin Iglesias/Human Animations/Unity Demo Scenes/Human Basic Motions/AnimatorControllers/HumanM@Walk01_Backward.controller
  artifactKey: Guid(86eebe318b1b80940a9e05f142407895) Importer(2089858483,192608db42251d675da83286b1cce702)
Start importing Assets/Assets-Importe/Kevin Iglesias/Human Animations/Unity Demo Scenes/Human Basic Motions/AnimatorControllers/HumanM@Walk01_Backward.controller using Guid(86eebe318b1b80940a9e05f142407895) Importer(2089858483,192608db42251d675da83286b1cce702) (ScriptedImporter) -> (artifact id: '4782f42c9449babf018a95b5bc780ad0') in 0.0157183 seconds
Number of updated asset objects reloaded before import = 0Number of asset objects unloaded after import = 4

========================================================================
Received Import Request.
  Time since last request: 0.000024 seconds.
  path: Assets/Assets-Importe/Kevin Iglesias/Human Animations/Animations/Female/Movement/Jump/HumanF@Jump01 - Land.fbx
  artifactKey: Guid(1dce3ce39fd4c0f4d9d2dbd5929a328c) Importer(2089858483,192608db42251d675da83286b1cce702)
Start importing Assets/Assets-Importe/Kevin Iglesias/Human Animations/Animations/Female/Movement/Jump/HumanF@Jump01 - Land.fbx using Guid(1dce3ce39fd4c0f4d9d2dbd5929a328c) Importer(2089858483,192608db42251d675da83286b1cce702) (ScriptedImporter) -> (artifact id: '809c5ccb60cb459c7f5ee841083abadb') in 0.0372173 seconds
Number of updated asset objects reloaded before import = 0Number of asset objects unloaded after import = 120

========================================================================
Received Import Request.
  Time since last request: 0.000029 seconds.
  path: Assets/Assets-Importe/Dnk_Dev/Brick_Fence/Models/Materials/Mat_Brick_Fence_01Grill.mat
  artifactKey: Guid(ee61a593ddfca0d41811b813ac2d6f03) Importer(2089858483,192608db42251d675da83286b1cce702)
Start importing Assets/Assets-Importe/Dnk_Dev/Brick_Fence/Models/Materials/Mat_Brick_Fence_01Grill.mat using Guid(ee61a593ddfca0d41811b813ac2d6f03) Importer(2089858483,192608db42251d675da83286b1cce702) (ScriptedImporter) -> (artifact id: '5425ce22c51e1c8f02c854328e32f783') in 0.0785357 seconds
Number of updated asset objects reloaded before import = 0Number of asset objects unloaded after import = 3

========================================================================
Received Import Request.
  Time since last request: 0.000037 seconds.
  path: Assets/Assets-Importe/Fries and Seagull/City 03/Models/House 5.fbx
  artifactKey: Guid(f10f65c36325a3744865c37b79b11861) Importer(2089858483,192608db42251d675da83286b1cce702)
Start importing Assets/Assets-Importe/Fries and Seagull/City 03/Models/House 5.fbx using Guid(f10f65c36325a3744865c37b79b11861) Importer(2089858483,192608db42251d675da83286b1cce702) (ScriptedImporter) -> (artifact id: 'b7b2e65959f0c7674cd762f17276a13c') in 0.1493058 seconds
Number of updated asset objects reloaded before import = 0Number of asset objects unloaded after import = 78

========================================================================
Received Import Request.
  Time since last request: 0.000024 seconds.
  path: Assets/Assets-Importe/Kevin Iglesias/Human Animations/Animations/Female/Movement/Jump/HumanF@Jump01.fbx
  artifactKey: Guid(d0d93c131bda12e4bb9798ea4aefb6cb) Importer(2089858483,192608db42251d675da83286b1cce702)
Start importing Assets/Assets-Importe/Kevin Iglesias/Human Animations/Animations/Female/Movement/Jump/HumanF@Jump01.fbx using Guid(d0d93c131bda12e4bb9798ea4aefb6cb) Importer(2089858483,192608db42251d675da83286b1cce702) (ScriptedImporter) -> (artifact id: 'd51c9a549cb2f7ec90e3c7b96263d078') in 0.0331641 seconds
Number of updated asset objects reloaded before import = 0Number of asset objects unloaded after import = 120

========================================================================
Received Import Request.
  Time since last request: 0.000031 seconds.
  path: Assets/Assets-Importe/Fries and Seagull/City 03/Models/Road 5.fbx
  artifactKey: Guid(3297586413325df4eaa20b8cbd2741c1) Importer(2089858483,192608db42251d675da83286b1cce702)
Start importing Assets/Assets-Importe/Fries and Seagull/City 03/Models/Road 5.fbx using Guid(3297586413325df4eaa20b8cbd2741c1) Importer(2089858483,192608db42251d675da83286b1cce702) (ScriptedImporter) -> (artifact id: '258ffeec26b6cc92933e0d4c5a308fc8') in 0.0401533 seconds
Number of updated asset objects reloaded before import = 0Number of asset objects unloaded after import = 13

========================================================================
Received Import Request.
  Time since last request: 0.000018 seconds.
  path: Assets/Assets-Importe/Fries and Seagull/City 03/Prefabs/Road Signs/Signage 2.prefab
  artifactKey: Guid(56d5b0f37ee119e459448c52b03c65f5) Importer(2089858483,192608db42251d675da83286b1cce702)
Start importing Assets/Assets-Importe/Fries and Seagull/City 03/Prefabs/Road Signs/Signage 2.prefab using Guid(56d5b0f37ee119e459448c52b03c65f5) Importer(2089858483,192608db42251d675da83286b1cce702) (ScriptedImporter) -> (artifact id: '177bf9e2c27849472f7997261409aa5e') in 0.0252874 seconds
Number of updated asset objects reloaded before import = 0Number of asset objects unloaded after import = 19

========================================================================
Received Import Request.
  Time since last request: 0.000042 seconds.
  path: Assets/Assets-Importe/HDRPDefaultResources/DefaultLookDevProfile.asset
  artifactKey: Guid(a95b7de3413db7b4b932e4c5eb81d955) Importer(2089858483,192608db42251d675da83286b1cce702)
Start importing Assets/Assets-Importe/HDRPDefaultResources/DefaultLookDevProfile.asset using Guid(a95b7de3413db7b4b932e4c5eb81d955) Importer(2089858483,192608db42251d675da83286b1cce702) (ScriptedImporter) -> (artifact id: '4b0dfebe0dc665e720c8ed28f815a8d5') in 0.0174978 seconds
Number of updated asset objects reloaded before import = 0Number of asset objects unloaded after import = 5

========================================================================
Received Import Request.
  Time since last request: 0.000021 seconds.
  path: Assets/Assets-Importe/Fries and Seagull/City 03/Models/Signage 3.fbx
  artifactKey: Guid(4b567854c88246f43854350707eb6bea) Importer(2089858483,192608db42251d675da83286b1cce702)
Start importing Assets/Assets-Importe/Fries and Seagull/City 03/Models/Signage 3.fbx using Guid(4b567854c88246f43854350707eb6bea) Importer(2089858483,192608db42251d675da83286b1cce702) (ScriptedImporter) -> (artifact id: '09e27650d4b8eebf32c87e03881b7f0c') in 0.0271609 seconds
Number of updated asset objects reloaded before import = 0Number of asset objects unloaded after import = 9

========================================================================
Received Import Request.
  Time since last request: 0.000019 seconds.
  path: Assets/Assets-Importe/Kevin Iglesias/Human Animations/Animations/Male/Movement/Walk/RootMotion/HumanM@Walk01_ForwardLeft [RM].fbx
  artifactKey: Guid(1c3a6282a5507e9439ab8d4787dd80c5) Importer(2089858483,192608db42251d675da83286b1cce702)
Start importing Assets/Assets-Importe/Kevin Iglesias/Human Animations/Animations/Male/Movement/Walk/RootMotion/HumanM@Walk01_ForwardLeft [RM].fbx using Guid(1c3a6282a5507e9439ab8d4787dd80c5) Importer(2089858483,192608db42251d675da83286b1cce702) (ScriptedImporter) -> (artifact id: 'd75d5899465a394d06bc38c80dcf88c4') in 0.0392381 seconds
Number of updated asset objects reloaded before import = 0Number of asset objects unloaded after import = 120

========================================================================
Received Import Request.
  Time since last request: 0.000024 seconds.
  path: Assets/Assets-Importe/Fries and Seagull/City 03/Models/Blue Car.fbx
  artifactKey: Guid(5c63f015d1a9ea544886fd5e2de07ccd) Importer(2089858483,192608db42251d675da83286b1cce702)
Start importing Assets/Assets-Importe/Fries and Seagull/City 03/Models/Blue Car.fbx using Guid(5c63f015d1a9ea544886fd5e2de07ccd) Importer(2089858483,192608db42251d675da83286b1cce702) (ScriptedImporter) -> (artifact id: '3a6e622c287851c8da7642398db7d8e9') in 0.0389617 seconds
Number of updated asset objects reloaded before import = 0Number of asset objects unloaded after import = 19

========================================================================
Received Import Request.
  Time since last request: 0.000033 seconds.
  path: Assets/Assets-Importe/Kevin Iglesias/Human Animations/Animations/Male/Movement/Sprint/HumanM@Sprint01_Left.fbx
  artifactKey: Guid(f194a505473e7aa469db0682217fa7f8) Importer(2089858483,192608db42251d675da83286b1cce702)
Start importing Assets/Assets-Importe/Kevin Iglesias/Human Animations/Animations/Male/Movement/Sprint/HumanM@Sprint01_Left.fbx using Guid(f194a505473e7aa469db0682217fa7f8) Importer(2089858483,192608db42251d675da83286b1cce702) (ScriptedImporter) -> (artifact id: '62509bdeefb7e90aa8ec4f183fcf713d') in 0.0336115 seconds
Number of updated asset objects reloaded before import = 0Number of asset objects unloaded after import = 120

========================================================================
Received Import Request.
  Time since last request: 0.000018 seconds.
  path: Assets/Assets-Importe/Fries and Seagull/City 03/Models/Manhole Covers 2.fbx
  artifactKey: Guid(5fe84584a5a566549b15235cd2ffea70) Importer(2089858483,192608db42251d675da83286b1cce702)
Start importing Assets/Assets-Importe/Fries and Seagull/City 03/Models/Manhole Covers 2.fbx using Guid(5fe84584a5a566549b15235cd2ffea70) Importer(2089858483,192608db42251d675da83286b1cce702) (ScriptedImporter) -> (artifact id: '0500ffe5b1feb19d59ddbec9feb74703') in 0.0315946 seconds
Number of updated asset objects reloaded before import = 0Number of asset objects unloaded after import = 9

========================================================================
Received Import Request.
  Time since last request: 0.000024 seconds.
  path: Assets/Assets-Importe/Trees Package Lite/Prefabs/stump_snowy_007.prefab
  artifactKey: Guid(70612dc4465d1734c8122ddbe29f7329) Importer(2089858483,192608db42251d675da83286b1cce702)
Start importing Assets/Assets-Importe/Trees Package Lite/Prefabs/stump_snowy_007.prefab using Guid(70612dc4465d1734c8122ddbe29f7329) Importer(2089858483,192608db42251d675da83286b1cce702) (ScriptedImporter) -> (artifact id: '6fd7e15d590c897a3430507446eab0c1') in 0.0182256 seconds
Number of updated asset objects reloaded before import = 0Number of asset objects unloaded after import = 14

========================================================================
Received Import Request.
  Time since last request: 0.000037 seconds.
  path: Assets/Assets-Importe/Fries and Seagull/City 03/Models/Barricade 1.fbx
  artifactKey: Guid(acfb1e5538b4fa24aa01ddfbe80a5406) Importer(2089858483,192608db42251d675da83286b1cce702)
Start importing Assets/Assets-Importe/Fries and Seagull/City 03/Models/Barricade 1.fbx using Guid(acfb1e5538b4fa24aa01ddfbe80a5406) Importer(2089858483,192608db42251d675da83286b1cce702) (ScriptedImporter) -> (artifact id: '9fad120b5c36d7f204047ad7093e481e') in 0.0307832 seconds
Number of updated asset objects reloaded before import = 0Number of asset objects unloaded after import = 12

========================================================================
Received Import Request.
  Time since last request: 0.000022 seconds.
  path: Assets/Assets-Importe/Trees Package Lite/Prefabs/rock_snowy_006.prefab
  artifactKey: Guid(5df8a0b5303db1142a7b3723dcf597d8) Importer(2089858483,192608db42251d675da83286b1cce702)
Start importing Assets/Assets-Importe/Trees Package Lite/Prefabs/rock_snowy_006.prefab using Guid(5df8a0b5303db1142a7b3723dcf597d8) Importer(2089858483,192608db42251d675da83286b1cce702) (ScriptedImporter) -> (artifact id: '79a8e4924062bf3fbe595dc8acd623ed') in 0.0181904 seconds
Number of updated asset objects reloaded before import = 0Number of asset objects unloaded after import = 14

========================================================================
Received Import Request.
  Time since last request: 0.000023 seconds.
  path: Assets/Assets-Importe/Fries and Seagull/City 03/Models/City Scene.fbx
  artifactKey: Guid(70ea4865e2694944fa398c288da016d8) Importer(2089858483,192608db42251d675da83286b1cce702)
Start importing Assets/Assets-Importe/Fries and Seagull/City 03/Models/City Scene.fbx using Guid(70ea4865e2694944fa398c288da016d8) Importer(2089858483,192608db42251d675da83286b1cce702) (ScriptedImporter) -> (artifact id: '4f4afe9ab05855209f1297f49dab99f3') in 1.2652165 seconds
Number of updated asset objects reloaded before import = 0Number of asset objects unloaded after import = 3505

========================================================================
Received Import Request.
  Time since last request: 0.000038 seconds.
  path: Assets/Assets-Importe/Dnk_Dev/Brick_Fence/Models/Materials/Mat_Brick_BigGate_03.mat
  artifactKey: Guid(c7225c96adac32c438ea990062f787d4) Importer(2089858483,192608db42251d675da83286b1cce702)
Start importing Assets/Assets-Importe/Dnk_Dev/Brick_Fence/Models/Materials/Mat_Brick_BigGate_03.mat using Guid(c7225c96adac32c438ea990062f787d4) Importer(2089858483,192608db42251d675da83286b1cce702) (ScriptedImporter) -> (artifact id: 'a42a0e83540d3de27826b6fa6122d23f') in 0.0327623 seconds
Number of updated asset objects reloaded before import = 0Number of asset objects unloaded after import = 3

========================================================================
Received Import Request.
  Time since last request: 0.000021 seconds.
  path: Assets/Assets-Importe/Fries and Seagull/City 03/Models/Red Car.fbx
  artifactKey: Guid(295f0cc65e58dbb43884a9e76adfdd8e) Importer(2089858483,192608db42251d675da83286b1cce702)
Start importing Assets/Assets-Importe/Fries and Seagull/City 03/Models/Red Car.fbx using Guid(295f0cc65e58dbb43884a9e76adfdd8e) Importer(2089858483,192608db42251d675da83286b1cce702) (ScriptedImporter) -> (artifact id: '4c23a4912028ca193d9ba318b8f3fd12') in 0.0454796 seconds
Number of updated asset objects reloaded before import = 0Number of asset objects unloaded after import = 20

========================================================================
Received Import Request.
  Time since last request: 0.000027 seconds.
  path: Assets/Assets-Importe/Kevin Iglesias/Human Animations/Unity Demo Scenes/Human Basic Motions/AnimatorControllers/HumanM@Run01_ForwardRight.controller
  artifactKey: Guid(634ba9c616bbff2429fa6d79d25390e4) Importer(2089858483,192608db42251d675da83286b1cce702)
Start importing Assets/Assets-Importe/Kevin Iglesias/Human Animations/Unity Demo Scenes/Human Basic Motions/AnimatorControllers/HumanM@Run01_ForwardRight.controller using Guid(634ba9c616bbff2429fa6d79d25390e4) Importer(2089858483,192608db42251d675da83286b1cce702) (ScriptedImporter) -> (artifact id: '52cfbd469ee86641b9055b2477c1c660') in 0.0166678 seconds
Number of updated asset objects reloaded before import = 0Number of asset objects unloaded after import = 4

========================================================================
Received Import Request.
  Time since last request: 0.000029 seconds.
  path: Assets/Assets-Importe/Kevin Iglesias/Human Animations/Animations/Male/Movement/Run/RootMotion/HumanM@Run01_BackwardRight [RM].fbx
  artifactKey: Guid(4751c211b658f37459b5165f3a027e22) Importer(2089858483,192608db42251d675da83286b1cce702)
Start importing Assets/Assets-Importe/Kevin Iglesias/Human Animations/Animations/Male/Movement/Run/RootMotion/HumanM@Run01_BackwardRight [RM].fbx using Guid(4751c211b658f37459b5165f3a027e22) Importer(2089858483,192608db42251d675da83286b1cce702) (ScriptedImporter) -> (artifact id: '33daaceed61c80d1fdd5767571356dde') in 0.0327356 seconds
Number of updated asset objects reloaded before import = 0Number of asset objects unloaded after import = 120

========================================================================
Received Import Request.
  Time since last request: 0.000018 seconds.
  path: Assets/Assets-Importe/Kevin Iglesias/Human Animations/Unity Demo Scenes/Human Basic Motions/AnimatorControllers/HumanF@Turn01_Left [RM].controller
  artifactKey: Guid(95d673259d2ea414f9addb972c2622a0) Importer(2089858483,192608db42251d675da83286b1cce702)
Start importing Assets/Assets-Importe/Kevin Iglesias/Human Animations/Unity Demo Scenes/Human Basic Motions/AnimatorControllers/HumanF@Turn01_Left [RM].controller using Guid(95d673259d2ea414f9addb972c2622a0) Importer(2089858483,192608db42251d675da83286b1cce702) (ScriptedImporter) -> (artifact id: '745cd0dbbbcacd8cd7c67b87972e26f5') in 0.0170761 seconds
Number of updated asset objects reloaded before import = 0Number of asset objects unloaded after import = 4

========================================================================
Received Import Request.
  Time since last request: 0.000018 seconds.
  path: Assets/Assets-Importe/Fries and Seagull/City 03/Prefabs/Ground Mark/Virtual Roundabout Sign.prefab
  artifactKey: Guid(9ffb5ee679b0fb946ab9b913651887d2) Importer(2089858483,192608db42251d675da83286b1cce702)
Start importing Assets/Assets-Importe/Fries and Seagull/City 03/Prefabs/Ground Mark/Virtual Roundabout Sign.prefab using Guid(9ffb5ee679b0fb946ab9b913651887d2) Importer(2089858483,192608db42251d675da83286b1cce702) (ScriptedImporter) -> (artifact id: '6acfa7dfb019be92f03a6b217fdf5196') in 0.0215235 seconds
Number of updated asset objects reloaded before import = 0Number of asset objects unloaded after import = 13

========================================================================
Received Import Request.
  Time since last request: 0.000021 seconds.
  path: Assets/Assets-Importe/Kevin Iglesias/Human Animations/Animations/Female/Movement/Turn/HumanF@Turn01_Left.fbx
  artifactKey: Guid(9cc63407e9eb8204babf8fc94b95f3e1) Importer(2089858483,192608db42251d675da83286b1cce702)
Start importing Assets/Assets-Importe/Kevin Iglesias/Human Animations/Animations/Female/Movement/Turn/HumanF@Turn01_Left.fbx using Guid(9cc63407e9eb8204babf8fc94b95f3e1) Importer(2089858483,192608db42251d675da83286b1cce702) (ScriptedImporter) -> (artifact id: '1cfd7beced3961cb51ff6650d5ed6e3a') in 0.0332829 seconds
Number of updated asset objects reloaded before import = 0Number of asset objects unloaded after import = 120

========================================================================
Received Import Request.
  Time since last request: 0.000034 seconds.
  path: Assets/Assets-Importe/Kevin Iglesias/Human Animations/Animations/Female/Movement/Run/RootMotion/HumanF@Run01_Backward [RM].fbx
  artifactKey: Guid(78375be644e8f3a45bdc574dcc4fdb45) Importer(2089858483,192608db42251d675da83286b1cce702)
Start importing Assets/Assets-Importe/Kevin Iglesias/Human Animations/Animations/Female/Movement/Run/RootMotion/HumanF@Run01_Backward [RM].fbx using Guid(78375be644e8f3a45bdc574dcc4fdb45) Importer(2089858483,192608db42251d675da83286b1cce702) (ScriptedImporter) -> (artifact id: '906cf3e156e606d468604296efdd42bf') in 0.0390276 seconds
Number of updated asset objects reloaded before import = 0Number of asset objects unloaded after import = 120

========================================================================
Received Import Request.
  Time since last request: 0.000021 seconds.
  path: Assets/Assets-Importe/materials/Ch17_body.mat
  artifactKey: Guid(50371b07e61a62b48a3678d43fa10f14) Importer(2089858483,192608db42251d675da83286b1cce702)
Start importing Assets/Assets-Importe/materials/Ch17_body.mat using Guid(50371b07e61a62b48a3678d43fa10f14) Importer(2089858483,192608db42251d675da83286b1cce702) (ScriptedImporter) -> (artifact id: 'da0bf1888fb2a78c7fdcf74ca045a36f') in 0.0195385 seconds
Number of updated asset objects reloaded before import = 0Number of asset objects unloaded after import = 3

========================================================================
Received Import Request.
  Time since last request: 0.000022 seconds.
  path: Assets/Assets-Importe/Kevin Iglesias/Human Animations/Animations/Male/Movement/Turn/HumanM@Turn01_Left.fbx
  artifactKey: Guid(6f466407f9f035f4fbf426e686e6444b) Importer(2089858483,192608db42251d675da83286b1cce702)
Start importing Assets/Assets-Importe/Kevin Iglesias/Human Animations/Animations/Male/Movement/Turn/HumanM@Turn01_Left.fbx using Guid(6f466407f9f035f4fbf426e686e6444b) Importer(2089858483,192608db42251d675da83286b1cce702) (ScriptedImporter) -> (artifact id: '81d03e2b4f85754845814861abb5d919') in 0.0298233 seconds
Number of updated asset objects reloaded before import = 0Number of asset objects unloaded after import = 120

========================================================================
Received Import Request.
  Time since last request: 0.000037 seconds.
  path: Assets/Assets-Importe/Fries and Seagull/City 03/Prefabs/Fence/Stone Fence 1 Body.prefab
  artifactKey: Guid(fd5c08371cb73c94f8d4bf2e57270074) Importer(2089858483,192608db42251d675da83286b1cce702)
Start importing Assets/Assets-Importe/Fries and Seagull/City 03/Prefabs/Fence/Stone Fence 1 Body.prefab using Guid(fd5c08371cb73c94f8d4bf2e57270074) Importer(2089858483,192608db42251d675da83286b1cce702) (ScriptedImporter) -> (artifact id: 'b574954dc676e4423b411b4afd2b1a19') in 0.0214952 seconds
Number of updated asset objects reloaded before import = 0Number of asset objects unloaded after import = 19

========================================================================
Received Import Request.
  Time since last request: 0.000018 seconds.
  path: Assets/Assets-Importe/Trees Package Lite/Prefabs/pine_tree_1.prefab
  artifactKey: Guid(7a26fd57aad41054294770f7bc2bf66e) Importer(2089858483,192608db42251d675da83286b1cce702)
Start importing Assets/Assets-Importe/Trees Package Lite/Prefabs/pine_tree_1.prefab using Guid(7a26fd57aad41054294770f7bc2bf66e) Importer(2089858483,192608db42251d675da83286b1cce702) (ScriptedImporter) -> (artifact id: '047a155524e60377ad966d0be81dfe20') in 0.0188946 seconds
Number of updated asset objects reloaded before import = 0Number of asset objects unloaded after import = 14

========================================================================
Received Import Request.
  Time since last request: 0.000027 seconds.
  path: Assets/Assets-Importe/Kevin Iglesias/Human Animations/Unity Demo Scenes/Human Basic Motions/AnimatorControllers/HumanF@Idles.overrideController
  artifactKey: Guid(4f9800672af7570478f085a3023ace57) Importer(2089858483,192608db42251d675da83286b1cce702)
Start importing Assets/Assets-Importe/Kevin Iglesias/Human Animations/Unity Demo Scenes/Human Basic Motions/AnimatorControllers/HumanF@Idles.overrideController using Guid(4f9800672af7570478f085a3023ace57) Importer(2089858483,192608db42251d675da83286b1cce702) (ScriptedImporter) -> (artifact id: '1ed7977c5045b7d8312ca73aa69fe204') in 0.0485535 seconds
Number of updated asset objects reloaded before import = 0Number of asset objects unloaded after import = 19

========================================================================
Received Import Request.
  Time since last request: 0.000067 seconds.
  path: Assets/Assets-Importe/Fries and Seagull/City 03/Models/Road 1.fbx
  artifactKey: Guid(75ed50d25f1f407458e9d48c36228c09) Importer(2089858483,192608db42251d675da83286b1cce702)
Start importing Assets/Assets-Importe/Fries and Seagull/City 03/Models/Road 1.fbx using Guid(75ed50d25f1f407458e9d48c36228c09) Importer(2089858483,192608db42251d675da83286b1cce702) (ScriptedImporter) -> (artifact id: '01ebfd7a1beaba8617dcda31b703b980') in 0.0277823 seconds
Number of updated asset objects reloaded before import = 0Number of asset objects unloaded after import = 8

========================================================================
Received Import Request.
  Time since last request: 0.000017 seconds.
  path: Assets/Assets-Importe/Kevin Iglesias/Human Animations/Animations/Male/Movement/Sprint/RootMotion/HumanM@Sprint01_Right [RM].fbx
  artifactKey: Guid(87c884e7a62eba6499574e0593663ba2) Importer(2089858483,192608db42251d675da83286b1cce702)
Start importing Assets/Assets-Importe/Kevin Iglesias/Human Animations/Animations/Male/Movement/Sprint/RootMotion/HumanM@Sprint01_Right [RM].fbx using Guid(87c884e7a62eba6499574e0593663ba2) Importer(2089858483,192608db42251d675da83286b1cce702) (ScriptedImporter) -> (artifact id: 'b29befb12df514c0e4c41fa46b977b81') in 0.0363965 seconds
Number of updated asset objects reloaded before import = 0Number of asset objects unloaded after import = 120

========================================================================
Received Import Request.
  Time since last request: 0.000025 seconds.
  path: Assets/Assets-Importe/Trees Package Lite/Prefabs/stump_snowy_006.prefab
  artifactKey: Guid(cb000bd743aa28246aa7f9ec19ae9318) Importer(2089858483,192608db42251d675da83286b1cce702)
Start importing Assets/Assets-Importe/Trees Package Lite/Prefabs/stump_snowy_006.prefab using Guid(cb000bd743aa28246aa7f9ec19ae9318) Importer(2089858483,192608db42251d675da83286b1cce702) (ScriptedImporter) -> (artifact id: '59087e2505f5bee3b02c0abbc6df6626') in 0.0188613 seconds
Number of updated asset objects reloaded before import = 0Number of asset objects unloaded after import = 14

========================================================================
Received Import Request.
  Time since last request: 0.000036 seconds.
  path: Assets/Assets-Importe/Fries and Seagull/City 03/Prefabs/Ground Mark/Ground Markings 7.prefab
  artifactKey: Guid(5bcd3ca7c67d37f4b893f8294a37a6bf) Importer(2089858483,192608db42251d675da83286b1cce702)
Start importing Assets/Assets-Importe/Fries and Seagull/City 03/Prefabs/Ground Mark/Ground Markings 7.prefab using Guid(5bcd3ca7c67d37f4b893f8294a37a6bf) Importer(2089858483,192608db42251d675da83286b1cce702) (ScriptedImporter) -> (artifact id: 'cfec939a253e9a7be6691069ddd73634') in 0.015538 seconds
Number of updated asset objects reloaded before import = 0Number of asset objects unloaded after import = 13

========================================================================
Received Import Request.
  Time since last request: 0.000018 seconds.
  path: Assets/Assets-Importe/Fries and Seagull/City 03/Prefabs/Sunshade/Sunshade 1.prefab
  artifactKey: Guid(077a20f70df4ce44d8ad52080ec615f9) Importer(2089858483,192608db42251d675da83286b1cce702)
Start importing Assets/Assets-Importe/Fries and Seagull/City 03/Prefabs/Sunshade/Sunshade 1.prefab using Guid(077a20f70df4ce44d8ad52080ec615f9) Importer(2089858483,192608db42251d675da83286b1cce702) (ScriptedImporter) -> (artifact id: '6782464dbd1c223807bb9adfac1a2699') in 0.0220665 seconds
Number of updated asset objects reloaded before import = 0Number of asset objects unloaded after import = 20

========================================================================
Received Import Request.
  Time since last request: 0.000022 seconds.
  path: Assets/Assets-Importe/Fries and Seagull/City 03/Models/Barrier Gate.fbx
  artifactKey: Guid(e8b971a7f4b9a1a4788d96718fc13716) Importer(2089858483,192608db42251d675da83286b1cce702)
Start importing Assets/Assets-Importe/Fries and Seagull/City 03/Models/Barrier Gate.fbx using Guid(e8b971a7f4b9a1a4788d96718fc13716) Importer(2089858483,192608db42251d675da83286b1cce702) (ScriptedImporter) -> (artifact id: '4977bf3b866bcb09908e93fa06fd6d66') in 0.0315574 seconds
Number of updated asset objects reloaded before import = 0Number of asset objects unloaded after import = 17

========================================================================
Received Import Request.
  Time since last request: 0.000022 seconds.
  path: Assets/Assets-Importe/Dnk_Dev/Brick_Fence/Textures/T_Brick_Fence_01_Grill.TGA
  artifactKey: Guid(1977e195460f03741a4da6cad27bc344) Importer(2089858483,192608db42251d675da83286b1cce702)
Start importing Assets/Assets-Importe/Dnk_Dev/Brick_Fence/Textures/T_Brick_Fence_01_Grill.TGA using Guid(1977e195460f03741a4da6cad27bc344) Importer(2089858483,192608db42251d675da83286b1cce702) (ScriptedImporter) -> (artifact id: 'e9fe7c09da0f849a54118151f316944e') in 0.0495621 seconds
Number of updated asset objects reloaded before import = 0Number of asset objects unloaded after import = 1

========================================================================
Received Import Request.
  Time since last request: 0.000032 seconds.
  path: Assets/Assets-Importe/Trees Package Lite/Meshes/fence_1.fbx
  artifactKey: Guid(65e574483beab774faa166238d44df62) Importer(2089858483,192608db42251d675da83286b1cce702)
Start importing Assets/Assets-Importe/Trees Package Lite/Meshes/fence_1.fbx using Guid(65e574483beab774faa166238d44df62) Importer(2089858483,192608db42251d675da83286b1cce702) (ScriptedImporter) -> (artifact id: 'f5a67782b39d89f0ede229601bf6e520') in 0.0289642 seconds
Number of updated asset objects reloaded before import = 0Number of asset objects unloaded after import = 8

========================================================================
Received Import Request.
  Time since last request: 0.000020 seconds.
  path: Assets/Assets-Importe/Trees Package Lite/Meshes/pine_tree_1_snowy.fbx
  artifactKey: Guid(88ae3118e1db4644a95746746c36169b) Importer(2089858483,192608db42251d675da83286b1cce702)
Start importing Assets/Assets-Importe/Trees Package Lite/Meshes/pine_tree_1_snowy.fbx using Guid(88ae3118e1db4644a95746746c36169b) Importer(2089858483,192608db42251d675da83286b1cce702) (ScriptedImporter) -> (artifact id: '689c76033c6dd565d51ce37d9542bbac') in 0.0328175 seconds
Number of updated asset objects reloaded before import = 0Number of asset objects unloaded after import = 8

========================================================================
Received Import Request.
  Time since last request: 0.000022 seconds.
  path: Assets/Assets-Importe/Trees Package Lite/Meshes/stump_011.fbx
  artifactKey: Guid(501dc5288e56fe9448d5f4d4025cee04) Importer(2089858483,192608db42251d675da83286b1cce702)
Start importing Assets/Assets-Importe/Trees Package Lite/Meshes/stump_011.fbx using Guid(501dc5288e56fe9448d5f4d4025cee04) Importer(2089858483,192608db42251d675da83286b1cce702) (ScriptedImporter) -> (artifact id: '285ed45688f127457b39227888746852') in 0.0295625 seconds
Number of updated asset objects reloaded before import = 0Number of asset objects unloaded after import = 8

========================================================================
Received Import Request.
  Time since last request: 0.000035 seconds.
  path: Assets/Assets-Importe/Kevin Iglesias/Human Animations/Animations/Male/Movement/Run/RootMotion/HumanM@Run01_Backward [RM].fbx
  artifactKey: Guid(31116f689ea4d374593385937d990c7c) Importer(2089858483,192608db42251d675da83286b1cce702)
Start importing Assets/Assets-Importe/Kevin Iglesias/Human Animations/Animations/Male/Movement/Run/RootMotion/HumanM@Run01_Backward [RM].fbx using Guid(31116f689ea4d374593385937d990c7c) Importer(2089858483,192608db42251d675da83286b1cce702) (ScriptedImporter) -> (artifact id: '347b6aa5c9b792a497ba1379f3f3b5f0') in 0.0426315 seconds
Number of updated asset objects reloaded before import = 0Number of asset objects unloaded after import = 120

========================================================================
Received Import Request.
  Time since last request: 0.000023 seconds.
  path: Assets/Assets-Importe/Kevin Iglesias/Human Animations/Animations/Female/Movement/Run/HumanF@Run01_Backward.fbx
  artifactKey: Guid(b7ff898919f115a4095d79af0129756f) Importer(2089858483,192608db42251d675da83286b1cce702)
Start importing Assets/Assets-Importe/Kevin Iglesias/Human Animations/Animations/Female/Movement/Run/HumanF@Run01_Backward.fbx using Guid(b7ff898919f115a4095d79af0129756f) Importer(2089858483,192608db42251d675da83286b1cce702) (ScriptedImporter) -> (artifact id: 'cb79e91ecb13a5cf246277daf600a6a0') in 0.0440219 seconds
Number of updated asset objects reloaded before import = 0Number of asset objects unloaded after import = 120

========================================================================
Received Import Request.
  Time since last request: 0.000036 seconds.
  path: Assets/Assets-Importe/Kevin Iglesias/Human Animations/Unity Demo Scenes/Human Basic Motions/Human Basic Motions - Unity Demo Scene.unity
  artifactKey: Guid(cc778ff8e7d7b874d9ef5cf06279e322) Importer(2089858483,192608db42251d675da83286b1cce702)
Start importing Assets/Assets-Importe/Kevin Iglesias/Human Animations/Unity Demo Scenes/Human Basic Motions/Human Basic Motions - Unity Demo Scene.unity using Guid(cc778ff8e7d7b874d9ef5cf06279e322) Importer(2089858483,192608db42251d675da83286b1cce702) (ScriptedImporter) -> (artifact id: '92404f9ec9fd3920ada6b318116e371a') in 0.0283492 seconds
Number of updated asset objects reloaded before import = 0Number of asset objects unloaded after import = 1

========================================================================
Received Import Request.
  Time since last request: 0.000111 seconds.
  path: Assets/Assets-Importe/Kevin Iglesias/Human Animations/Animations/Male/Movement/Walk/HumanM@Walk01_BackwardRight.fbx
  artifactKey: Guid(55d43189338018e4c9e0c2ce1f608563) Importer(2089858483,192608db42251d675da83286b1cce702)
Start importing Assets/Assets-Importe/Kevin Iglesias/Human Animations/Animations/Male/Movement/Walk/HumanM@Walk01_BackwardRight.fbx using Guid(55d43189338018e4c9e0c2ce1f608563) Importer(2089858483,192608db42251d675da83286b1cce702) (ScriptedImporter) -> (artifact id: '059994d37e623041becd5c531f2345b5') in 0.0397108 seconds
Number of updated asset objects reloaded before import = 0Number of asset objects unloaded after import = 120

========================================================================
Received Import Request.
  Time since last request: 0.000036 seconds.
  path: Assets/Assets-Importe/Fries and Seagull/City 03/Models/Sunshade 2.fbx
  artifactKey: Guid(c90183d9c79865b4e912cec60eea58e8) Importer(2089858483,192608db42251d675da83286b1cce702)
Start importing Assets/Assets-Importe/Fries and Seagull/City 03/Models/Sunshade 2.fbx using Guid(c90183d9c79865b4e912cec60eea58e8) Importer(2089858483,192608db42251d675da83286b1cce702) (ScriptedImporter) -> (artifact id: '32b827635c825b21f20b0f2273e28094') in 0.0483732 seconds
Number of updated asset objects reloaded before import = 0Number of asset objects unloaded after import = 10

========================================================================
Received Import Request.
  Time since last request: 0.000033 seconds.
  path: Assets/Assets-Importe/Trees Package Lite/Prefabs/stump_snowy_011.prefab
  artifactKey: Guid(935f2de92f024774787e37d986b351c6) Importer(2089858483,192608db42251d675da83286b1cce702)
Start importing Assets/Assets-Importe/Trees Package Lite/Prefabs/stump_snowy_011.prefab using Guid(935f2de92f024774787e37d986b351c6) Importer(2089858483,192608db42251d675da83286b1cce702) (ScriptedImporter) -> (artifact id: 'f75cb7f543d0c8308ddf1c305fde3fa4') in 0.0228321 seconds
Number of updated asset objects reloaded before import = 0Number of asset objects unloaded after import = 14

========================================================================
Received Import Request.
  Time since last request: 0.000048 seconds.
  path: Assets/Assets-Importe/Kevin Iglesias/Human Animations/Animations/Female/Idles/HumanF@Idle02.fbx
  artifactKey: Guid(8c2952c969428f748be063e5768fa90a) Importer(2089858483,192608db42251d675da83286b1cce702)
Start importing Assets/Assets-Importe/Kevin Iglesias/Human Animations/Animations/Female/Idles/HumanF@Idle02.fbx using Guid(8c2952c969428f748be063e5768fa90a) Importer(2089858483,192608db42251d675da83286b1cce702) (ScriptedImporter) -> (artifact id: 'f87d2df2fe5d91ebe630e28541144ad5') in 0.0530086 seconds
Number of updated asset objects reloaded before import = 0Number of asset objects unloaded after import = 120

========================================================================
Received Import Request.
  Time since last request: 0.000114 seconds.
  path: Assets/Assets-Importe/Fries and Seagull/City 03/Prefabs/Public Utility/Public Chair.prefab
  artifactKey: Guid(bdfe562a489d7af43a0cfa474f8e430b) Importer(2089858483,192608db42251d675da83286b1cce702)
Start importing Assets/Assets-Importe/Fries and Seagull/City 03/Prefabs/Public Utility/Public Chair.prefab using Guid(bdfe562a489d7af43a0cfa474f8e430b) Importer(2089858483,192608db42251d675da83286b1cce702) (ScriptedImporter) -> (artifact id: '70d4cfc6f574cb334c9fa342f6c23a4e') in 0.0256427 seconds
Number of updated asset objects reloaded before import = 0Number of asset objects unloaded after import = 19

========================================================================
Received Import Request.
  Time since last request: 0.000037 seconds.
  path: Assets/Assets-Importe/Fries and Seagull/City 03/Prefabs/Fence/Stone Fence 2 Body.prefab
  artifactKey: Guid(6f3c6ff916e6ac9498cc857c664136dc) Importer(2089858483,192608db42251d675da83286b1cce702)
Start importing Assets/Assets-Importe/Fries and Seagull/City 03/Prefabs/Fence/Stone Fence 2 Body.prefab using Guid(6f3c6ff916e6ac9498cc857c664136dc) Importer(2089858483,192608db42251d675da83286b1cce702) (ScriptedImporter) -> (artifact id: '0d713b5c27cf7aed29daefef53f2c6e1') in 0.0180181 seconds
Number of updated asset objects reloaded before import = 0Number of asset objects unloaded after import = 18

========================================================================
Received Import Request.
  Time since last request: 0.000019 seconds.
  path: Assets/Assets-Importe/Trees Package Lite/Prefabs/rock_009.prefab
  artifactKey: Guid(c38e832a8bddb5745a08337c2bd493ca) Importer(2089858483,192608db42251d675da83286b1cce702)
Start importing Assets/Assets-Importe/Trees Package Lite/Prefabs/rock_009.prefab using Guid(c38e832a8bddb5745a08337c2bd493ca) Importer(2089858483,192608db42251d675da83286b1cce702) (ScriptedImporter) -> (artifact id: '95e7ea0662b4083a063c73b63d381472') in 0.0165101 seconds
Number of updated asset objects reloaded before import = 0Number of asset objects unloaded after import = 14

========================================================================
Received Import Request.
  Time since last request: 0.000019 seconds.
  path: Assets/Assets-Importe/Kevin Iglesias/Human Animations/Animations/Male/Movement/Run/HumanM@Run01_Left.fbx
  artifactKey: Guid(9f9dbe8815370164d8a2214328af4f13) Importer(2089858483,192608db42251d675da83286b1cce702)
Start importing Assets/Assets-Importe/Kevin Iglesias/Human Animations/Animations/Male/Movement/Run/HumanM@Run01_Left.fbx using Guid(9f9dbe8815370164d8a2214328af4f13) Importer(2089858483,192608db42251d675da83286b1cce702) (ScriptedImporter) -> (artifact id: '51fa66f79efbeb2e804ce442631385e0') in 0.031662 seconds
Number of updated asset objects reloaded before import = 0Number of asset objects unloaded after import = 120

========================================================================
Received Import Request.
  Time since last request: 0.000022 seconds.
  path: Assets/Assets-Importe/Kevin Iglesias/Human Animations/Unity Demo Scenes/Human Basic Motions/AnimatorControllers/HumanF@Run01_Forward.controller
  artifactKey: Guid(54b97aa90e8bf7d49981d3dc9a71582f) Importer(2089858483,192608db42251d675da83286b1cce702)
Start importing Assets/Assets-Importe/Kevin Iglesias/Human Animations/Unity Demo Scenes/Human Basic Motions/AnimatorControllers/HumanF@Run01_Forward.controller using Guid(54b97aa90e8bf7d49981d3dc9a71582f) Importer(2089858483,192608db42251d675da83286b1cce702) (ScriptedImporter) -> (artifact id: '70ce9d65bb8b6c63b3140508ac1cdba1') in 0.0125482 seconds
Number of updated asset objects reloaded before import = 0Number of asset objects unloaded after import = 4

========================================================================
Received Import Request.
  Time since last request: 0.000029 seconds.
  path: Assets/Assets-Importe/Kevin Iglesias/Human Animations/Animations/Male/Movement/Turn/HumanM@Turn01_Right.fbx
  artifactKey: Guid(0e7376aa8f8f38e4fb138892f92fe2e6) Importer(2089858483,192608db42251d675da83286b1cce702)
Start importing Assets/Assets-Importe/Kevin Iglesias/Human Animations/Animations/Male/Movement/Turn/HumanM@Turn01_Right.fbx using Guid(0e7376aa8f8f38e4fb138892f92fe2e6) Importer(2089858483,192608db42251d675da83286b1cce702) (ScriptedImporter) -> (artifact id: 'e6e79d239cec8a4aadafdefa24b55012') in 0.0411177 seconds
Number of updated asset objects reloaded before import = 0Number of asset objects unloaded after import = 120

========================================================================
Received Import Request.
  Time since last request: 0.000021 seconds.
  path: Assets/Assets-Importe/Kevin Iglesias/Human Animations/Animations/Female/Idles/HumanF@Idle01-Idle02.fbx
  artifactKey: Guid(383afa9ae798a0c4eb2fb43e0a84b66b) Importer(2089858483,192608db42251d675da83286b1cce702)
Start importing Assets/Assets-Importe/Kevin Iglesias/Human Animations/Animations/Female/Idles/HumanF@Idle01-Idle02.fbx using Guid(383afa9ae798a0c4eb2fb43e0a84b66b) Importer(2089858483,192608db42251d675da83286b1cce702) (ScriptedImporter) -> (artifact id: 'afb187a156139df05a4d5afff40ef561') in 0.0314958 seconds
Number of updated asset objects reloaded before import = 0Number of asset objects unloaded after import = 120

========================================================================
Received Import Request.
  Time since last request: 0.000036 seconds.
  path: Assets/Assets-Importe/Kevin Iglesias/Human Animations/Unity Demo Scenes/Human Basic Motions/AnimatorControllers/HumanM@Run01_BackwardLeft.controller
  artifactKey: Guid(06c49bcaab16ee64286ab7119dc8b645) Importer(2089858483,192608db42251d675da83286b1cce702)
Start importing Assets/Assets-Importe/Kevin Iglesias/Human Animations/Unity Demo Scenes/Human Basic Motions/AnimatorControllers/HumanM@Run01_BackwardLeft.controller using Guid(06c49bcaab16ee64286ab7119dc8b645) Importer(2089858483,192608db42251d675da83286b1cce702) (ScriptedImporter) -> (artifact id: '103a02ae0e4d6c7f3bec5b8743b367a4') in 0.0151219 seconds
Number of updated asset objects reloaded before import = 0Number of asset objects unloaded after import = 4

========================================================================
Received Import Request.
  Time since last request: 0.000037 seconds.
  path: Assets/Assets-Importe/Dnk_Dev/Brick_Fence/Textures/T_Brick_BigGate_03_N.tga
  artifactKey: Guid(0af2845ab6f0f314e92a04e37a639cca) Importer(2089858483,192608db42251d675da83286b1cce702)
Start importing Assets/Assets-Importe/Dnk_Dev/Brick_Fence/Textures/T_Brick_BigGate_03_N.tga using Guid(0af2845ab6f0f314e92a04e37a639cca) Importer(2089858483,192608db42251d675da83286b1cce702) (ScriptedImporter) -> (artifact id: '4d14235e3fa7f57f8f2aebbcddffbbf1') in 0.018867 seconds
Number of updated asset objects reloaded before import = 0Number of asset objects unloaded after import = 1

========================================================================
Received Import Request.
  Time since last request: 0.000017 seconds.
  path: Assets/Assets-Importe/Fries and Seagull/City 03/Models/Stone Fence 3.fbx
  artifactKey: Guid(5a7d30b990c0dde488697e6ab4aaeee3) Importer(2089858483,192608db42251d675da83286b1cce702)
Start importing Assets/Assets-Importe/Fries and Seagull/City 03/Models/Stone Fence 3.fbx using Guid(5a7d30b990c0dde488697e6ab4aaeee3) Importer(2089858483,192608db42251d675da83286b1cce702) (ScriptedImporter) -> (artifact id: 'b38fd56b2444141d5b2737d877c31d85') in 0.0276706 seconds
Number of updated asset objects reloaded before import = 0Number of asset objects unloaded after import = 9

========================================================================
Received Import Request.
  Time since last request: 0.000021 seconds.
  path: Assets/Assets-Importe/Kevin Iglesias/Human Animations/Unity Demo Scenes/Human Basic Motions/AnimatorControllers/HumanM@Idles.controller
  artifactKey: Guid(084ed73b7e7c0754eb337259e9209468) Importer(2089858483,192608db42251d675da83286b1cce702)
Start importing Assets/Assets-Importe/Kevin Iglesias/Human Animations/Unity Demo Scenes/Human Basic Motions/AnimatorControllers/HumanM@Idles.controller using Guid(084ed73b7e7c0754eb337259e9209468) Importer(2089858483,192608db42251d675da83286b1cce702) (ScriptedImporter) -> (artifact id: '226186e12c38eab84283edc148b42977') in 0.0131297 seconds
Number of updated asset objects reloaded before import = 0Number of asset objects unloaded after import = 14

========================================================================
Received Import Request.
  Time since last request: 0.000020 seconds.
  path: Assets/Assets-Importe/Fries and Seagull/City 03/Models/Road Fence 2.fbx
  artifactKey: Guid(5ffde7faeb87d3b46892f73cc8a0b950) Importer(2089858483,192608db42251d675da83286b1cce702)
Start importing Assets/Assets-Importe/Fries and Seagull/City 03/Models/Road Fence 2.fbx using Guid(5ffde7faeb87d3b46892f73cc8a0b950) Importer(2089858483,192608db42251d675da83286b1cce702) (ScriptedImporter) -> (artifact id: 'a8d4ccb56f3d23b49b57f0c7573bc73e') in 0.0298932 seconds
Number of updated asset objects reloaded before import = 0Number of asset objects unloaded after import = 8

========================================================================
Received Import Request.
  Time since last request: 0.000035 seconds.
  path: Assets/Assets-Importe/Fries and Seagull/City 03/Prefabs/Light Sources/Street Lamp 1.prefab
  artifactKey: Guid(84c7d06bab11d5d4cb50a7de9558474b) Importer(2089858483,192608db42251d675da83286b1cce702)
Start importing Assets/Assets-Importe/Fries and Seagull/City 03/Prefabs/Light Sources/Street Lamp 1.prefab using Guid(84c7d06bab11d5d4cb50a7de9558474b) Importer(2089858483,192608db42251d675da83286b1cce702) (ScriptedImporter) -> (artifact id: '18ecb16dcf4d22a520f79ad788165ddf') in 0.0235763 seconds
Number of updated asset objects reloaded before import = 0Number of asset objects unloaded after import = 32

========================================================================
Received Import Request.
  Time since last request: 0.000019 seconds.
  path: Assets/Assets-Importe/Kevin Iglesias/Human Animations/Unity Demo Scenes/Human Basic Motions/AnimatorControllers/HumanF@Fall01.controller
  artifactKey: Guid(5042a66b3246fc840a4e683091267504) Importer(2089858483,192608db42251d675da83286b1cce702)
Start importing Assets/Assets-Importe/Kevin Iglesias/Human Animations/Unity Demo Scenes/Human Basic Motions/AnimatorControllers/HumanF@Fall01.controller using Guid(5042a66b3246fc840a4e683091267504) Importer(2089858483,192608db42251d675da83286b1cce702) (ScriptedImporter) -> (artifact id: 'ad1958c21c7604ae01dbc9e492818906') in 0.0151237 seconds
Number of updated asset objects reloaded before import = 0Number of asset objects unloaded after import = 4

========================================================================
Received Import Request.
  Time since last request: 0.000017 seconds.
  path: Assets/Assets-Importe/Fries and Seagull/City 03/Prefabs/Trash/Trash Bag 1.prefab
  artifactKey: Guid(4f98046bf5f8cc5489858d3c58f80972) Importer(2089858483,192608db42251d675da83286b1cce702)
Start importing Assets/Assets-Importe/Fries and Seagull/City 03/Prefabs/Trash/Trash Bag 1.prefab using Guid(4f98046bf5f8cc5489858d3c58f80972) Importer(2089858483,192608db42251d675da83286b1cce702) (ScriptedImporter) -> (artifact id: '2532e417a588fba328e519ef28b930c1') in 0.0212967 seconds
Number of updated asset objects reloaded before import = 0Number of asset objects unloaded after import = 16

========================================================================
Received Import Request.
  Time since last request: 0.000045 seconds.
  path: Assets/Assets-Importe/Fries and Seagull/City 03/Prefabs/Vehicles/Taxi.prefab
  artifactKey: Guid(a66298eb784f1f34999e5fc9aa12d202) Importer(2089858483,192608db42251d675da83286b1cce702)
Start importing Assets/Assets-Importe/Fries and Seagull/City 03/Prefabs/Vehicles/Taxi.prefab using Guid(a66298eb784f1f34999e5fc9aa12d202) Importer(2089858483,192608db42251d675da83286b1cce702) (ScriptedImporter) -> (artifact id: '52cc59790c3eb941ed9f64a8b7145bb3') in 0.0211765 seconds
Number of updated asset objects reloaded before import = 0Number of asset objects unloaded after import = 28

========================================================================
Received Import Request.
  Time since last request: 0.000031 seconds.
  path: Assets/Assets-Importe/Kevin Iglesias/Human Animations/Animations/Female/Movement/Jump/HumanF@Jump01 [RM] - Begin.fbx
  artifactKey: Guid(c8115ddbaf422d84bba45d0cc5d9fc70) Importer(2089858483,192608db42251d675da83286b1cce702)
Start importing Assets/Assets-Importe/Kevin Iglesias/Human Animations/Animations/Female/Movement/Jump/HumanF@Jump01 [RM] - Begin.fbx using Guid(c8115ddbaf422d84bba45d0cc5d9fc70) Importer(2089858483,192608db42251d675da83286b1cce702) (ScriptedImporter) -> (artifact id: 'e36f1abf85f5771671961e5b23701fe6') in 0.0356341 seconds
Number of updated asset objects reloaded before import = 0Number of asset objects unloaded after import = 120

========================================================================
Received Import Request.
  Time since last request: 0.000023 seconds.
  path: Assets/Assets-Importe/Fries and Seagull/City 03/Prefabs/Ground Mark/Ground Markings 1.prefab
  artifactKey: Guid(028b62abcc0dd0144825d1f302770646) Importer(2089858483,192608db42251d675da83286b1cce702)
Start importing Assets/Assets-Importe/Fries and Seagull/City 03/Prefabs/Ground Mark/Ground Markings 1.prefab using Guid(028b62abcc0dd0144825d1f302770646) Importer(2089858483,192608db42251d675da83286b1cce702) (ScriptedImporter) -> (artifact id: '0cfe40504d9a549fcbebfde60b1c4e38') in 0.0190867 seconds
Number of updated asset objects reloaded before import = 0Number of asset objects unloaded after import = 13

========================================================================
Received Import Request.
  Time since last request: 0.000022 seconds.
  path: Assets/Assets-Importe/Kevin Iglesias/Human Animations/Animations/Female/Movement/Run/HumanF@Run01_ForwardRight.fbx
  artifactKey: Guid(5088dccb2ba6bc8478f1dc0919d3e8cd) Importer(2089858483,192608db42251d675da83286b1cce702)
Start importing Assets/Assets-Importe/Kevin Iglesias/Human Animations/Animations/Female/Movement/Run/HumanF@Run01_ForwardRight.fbx using Guid(5088dccb2ba6bc8478f1dc0919d3e8cd) Importer(2089858483,192608db42251d675da83286b1cce702) (ScriptedImporter) -> (artifact id: '05f2036947433c884259cbded72524bc') in 0.0360559 seconds
Number of updated asset objects reloaded before import = 0Number of asset objects unloaded after import = 120

========================================================================
Received Import Request.
  Time since last request: 0.000040 seconds.
  path: Assets/Assets-Importe/Fries and Seagull/City 03/Prefabs/Prefab Group/House Group.prefab
  artifactKey: Guid(0901af9b50d41f546819ee755f5148f1) Importer(2089858483,192608db42251d675da83286b1cce702)
Start importing Assets/Assets-Importe/Fries and Seagull/City 03/Prefabs/Prefab Group/House Group.prefab using Guid(0901af9b50d41f546819ee755f5148f1) Importer(2089858483,192608db42251d675da83286b1cce702) (ScriptedImporter) -> (artifact id: '9f60c712d179d00462eff55ac4ac1de9') in 0.0617794 seconds
Number of updated asset objects reloaded before import = 0Number of asset objects unloaded after import = 442

========================================================================
Received Import Request.
  Time since last request: 0.000021 seconds.
  path: Assets/Assets-Importe/Kevin Iglesias/Human Animations/Animations/Female/Movement/Walk/RootMotion/HumanF@Walk01_Backward [RM].fbx
  artifactKey: Guid(2e0c1b2ccd3eeeb43b00e035f4fe7841) Importer(2089858483,192608db42251d675da83286b1cce702)
Start importing Assets/Assets-Importe/Kevin Iglesias/Human Animations/Animations/Female/Movement/Walk/RootMotion/HumanF@Walk01_Backward [RM].fbx using Guid(2e0c1b2ccd3eeeb43b00e035f4fe7841) Importer(2089858483,192608db42251d675da83286b1cce702) (ScriptedImporter) -> (artifact id: '596be5be195e06b73c9127fb671d610a') in 0.0406586 seconds
Number of updated asset objects reloaded before import = 0Number of asset objects unloaded after import = 120

========================================================================
Received Import Request.
  Time since last request: 0.000021 seconds.
  path: Assets/Assets-Importe/Kevin Iglesias/Human Animations/Animations/Female/Movement/Sprint/RootMotion/HumanF@Sprint01_Forward [RM].fbx
  artifactKey: Guid(ece8783ced0147a47bd91b75de63ffc4) Importer(2089858483,192608db42251d675da83286b1cce702)
Start importing Assets/Assets-Importe/Kevin Iglesias/Human Animations/Animations/Female/Movement/Sprint/RootMotion/HumanF@Sprint01_Forward [RM].fbx using Guid(ece8783ced0147a47bd91b75de63ffc4) Importer(2089858483,192608db42251d675da83286b1cce702) (ScriptedImporter) -> (artifact id: '2811c29356aaa889c45a4fe3f74fae06') in 0.0350452 seconds
Number of updated asset objects reloaded before import = 0Number of asset objects unloaded after import = 120

========================================================================
Received Import Request.
  Time since last request: 0.000138 seconds.
  path: Assets/Assets-Importe/Fries and Seagull/City 03/Prefabs/Public Utility/Iron Ladder.prefab
  artifactKey: Guid(8e750b1c744af774a9bafc00858762b8) Importer(2089858483,192608db42251d675da83286b1cce702)
Start importing Assets/Assets-Importe/Fries and Seagull/City 03/Prefabs/Public Utility/Iron Ladder.prefab using Guid(8e750b1c744af774a9bafc00858762b8) Importer(2089858483,192608db42251d675da83286b1cce702) (ScriptedImporter) -> (artifact id: '57b41432939020d76a69e365e910f698') in 0.0241994 seconds
Number of updated asset objects reloaded before import = 0Number of asset objects unloaded after import = 20

========================================================================
Received Import Request.
  Time since last request: 0.000022 seconds.
  path: Assets/Assets-Importe/Trees Package Lite/Meshes/rock_006.fbx
  artifactKey: Guid(6969e90c1e678f84fbfd086a81e6844d) Importer(2089858483,192608db42251d675da83286b1cce702)
Start importing Assets/Assets-Importe/Trees Package Lite/Meshes/rock_006.fbx using Guid(6969e90c1e678f84fbfd086a81e6844d) Importer(2089858483,192608db42251d675da83286b1cce702) (ScriptedImporter) -> (artifact id: 'bbd5c36bffe7f9ecfb06e5647de91252') in 0.0291583 seconds
Number of updated asset objects reloaded before import = 0Number of asset objects unloaded after import = 8

========================================================================
Received Import Request.
  Time since last request: 0.000021 seconds.
  path: Assets/Assets-Importe/Fries and Seagull/City 03/Prefabs/Building/Building 1.prefab
  artifactKey: Guid(e9f16cdca1cc7304799bebab3cae365e) Importer(2089858483,192608db42251d675da83286b1cce702)
Start importing Assets/Assets-Importe/Fries and Seagull/City 03/Prefabs/Building/Building 1.prefab using Guid(e9f16cdca1cc7304799bebab3cae365e) Importer(2089858483,192608db42251d675da83286b1cce702) (ScriptedImporter) -> (artifact id: '6171079cc948e907c0bcbf872bf5e672') in 0.0280063 seconds
Number of updated asset objects reloaded before import = 0Number of asset objects unloaded after import = 64

========================================================================
Received Import Request.
  Time since last request: 0.000040 seconds.
  path: Assets/Assets-Importe/Fries and Seagull/City 03/BRP Sample Scene.unity
  artifactKey: Guid(ab87d11da6d96f843bfe3ecf6b8a89ba) Importer(2089858483,192608db42251d675da83286b1cce702)
Start importing Assets/Assets-Importe/Fries and Seagull/City 03/BRP Sample Scene.unity using Guid(ab87d11da6d96f843bfe3ecf6b8a89ba) Importer(2089858483,192608db42251d675da83286b1cce702) (ScriptedImporter) -> (artifact id: '318e3bf40edfeb0359a30fa8153c541a') in 0.0363866 seconds
Number of updated asset objects reloaded before import = 0Number of asset objects unloaded after import = 1

========================================================================
Received Import Request.
  Time since last request: 0.000026 seconds.
  path: Assets/Assets-Importe/Dnk_Dev/Brick_Fence/Textures/T_Brick_BigGate_01.TGA
  artifactKey: Guid(2dbbbbac9987ae049873103394c671fe) Importer(2089858483,192608db42251d675da83286b1cce702)
Start importing Assets/Assets-Importe/Dnk_Dev/Brick_Fence/Textures/T_Brick_BigGate_01.TGA using Guid(2dbbbbac9987ae049873103394c671fe) Importer(2089858483,192608db42251d675da83286b1cce702) (ScriptedImporter) -> (artifact id: '2f0a1106c9c5969c0f2499f4c7878a0d') in 0.0201544 seconds
Number of updated asset objects reloaded before import = 0Number of asset objects unloaded after import = 1

========================================================================
Received Import Request.
  Time since last request: 0.000032 seconds.
  path: Assets/Assets-Importe/Dnk_Dev/Brick_Fence/Prefab/P_Brick_Fence_02.prefab
  artifactKey: Guid(80b7f80d34041be4aa68bba771f26727) Importer(2089858483,192608db42251d675da83286b1cce702)
Start importing Assets/Assets-Importe/Dnk_Dev/Brick_Fence/Prefab/P_Brick_Fence_02.prefab using Guid(80b7f80d34041be4aa68bba771f26727) Importer(2089858483,192608db42251d675da83286b1cce702) (ScriptedImporter) -> (artifact id: '700021d831b1d20f5aecce62054dbc64') in 0.0149949 seconds
Number of updated asset objects reloaded before import = 0Number of asset objects unloaded after import = 15

========================================================================
Received Import Request.
  Time since last request: 0.000046 seconds.
  path: Assets/Assets-Importe/Kevin Iglesias/Human Animations/Unity Demo Scenes/Human Basic Motions/AnimatorControllers/HumanM@Jump01 [RM].controller
  artifactKey: Guid(2041c0db49de8e94ea644176ce03232c) Importer(2089858483,192608db42251d675da83286b1cce702)
Start importing Assets/Assets-Importe/Kevin Iglesias/Human Animations/Unity Demo Scenes/Human Basic Motions/AnimatorControllers/HumanM@Jump01 [RM].controller using Guid(2041c0db49de8e94ea644176ce03232c) Importer(2089858483,192608db42251d675da83286b1cce702) (ScriptedImporter) -> (artifact id: 'c3a9de1b147e2a451198eabe172b1c3d') in 0.0139827 seconds
Number of updated asset objects reloaded before import = 0Number of asset objects unloaded after import = 5

========================================================================
Received Import Request.
  Time since last request: 0.000017 seconds.
  path: Assets/Assets-Importe/Kevin Iglesias/Human Animations/Models/Avatar Masks/Arms/Human Arm Left Mask.mask
  artifactKey: Guid(3c01d1ed15a1c0f49b77151cfdaa3e8d) Importer(2089858483,192608db42251d675da83286b1cce702)
Start importing Assets/Assets-Importe/Kevin Iglesias/Human Animations/Models/Avatar Masks/Arms/Human Arm Left Mask.mask using Guid(3c01d1ed15a1c0f49b77151cfdaa3e8d) Importer(2089858483,192608db42251d675da83286b1cce702) (ScriptedImporter) -> (artifact id: '10ed6533149194410fe874a1c0ec1469') in 0.0118417 seconds
Number of updated asset objects reloaded before import = 0Number of asset objects unloaded after import = 1

========================================================================
Received Import Request.
  Time since last request: 0.000016 seconds.
  path: Assets/Assets-Importe/Kevin Iglesias/Human Animations/Unity Demo Scenes/Human Basic Motions/AnimatorControllers/HumanM@Run01_ForwardLeft.controller
  artifactKey: Guid(3d66248d859d4ca47885f6945c59da9f) Importer(2089858483,192608db42251d675da83286b1cce702)
Start importing Assets/Assets-Importe/Kevin Iglesias/Human Animations/Unity Demo Scenes/Human Basic Motions/AnimatorControllers/HumanM@Run01_ForwardLeft.controller using Guid(3d66248d859d4ca47885f6945c59da9f) Importer(2089858483,192608db42251d675da83286b1cce702) (ScriptedImporter) -> (artifact id: '85cb5931465dabaaa8b0b783491ba956') in 0.0140774 seconds
Number of updated asset objects reloaded before import = 0Number of asset objects unloaded after import = 4

========================================================================
Received Import Request.
  Time since last request: 0.000020 seconds.
  path: Assets/Assets-Importe/Fries and Seagull/City 03/Prefabs/Plants/Tree 1.prefab
  artifactKey: Guid(961ada8d9a5dbd34fa4286cfcc44bad9) Importer(2089858483,192608db42251d675da83286b1cce702)
Start importing Assets/Assets-Importe/Fries and Seagull/City 03/Prefabs/Plants/Tree 1.prefab using Guid(961ada8d9a5dbd34fa4286cfcc44bad9) Importer(2089858483,192608db42251d675da83286b1cce702) (ScriptedImporter) -> (artifact id: '64166ada89ab9512369fd306e012dd20') in 0.0157303 seconds
Number of updated asset objects reloaded before import = 0Number of asset objects unloaded after import = 25

========================================================================
Received Import Request.
  Time since last request: 0.000050 seconds.
  path: Assets/Assets-Importe/Fries and Seagull/City 03/Models/Tree 3.fbx
  artifactKey: Guid(7539d56de3a227148803f08e1fefb9ad) Importer(2089858483,192608db42251d675da83286b1cce702)
Start importing Assets/Assets-Importe/Fries and Seagull/City 03/Models/Tree 3.fbx using Guid(7539d56de3a227148803f08e1fefb9ad) Importer(2089858483,192608db42251d675da83286b1cce702) (ScriptedImporter) -> (artifact id: '265dfdd2782166ebbd64d16943c8cdb1') in 0.0371034 seconds
Number of updated asset objects reloaded before import = 0Number of asset objects unloaded after import = 13

========================================================================
Received Import Request.
  Time since last request: 0.000025 seconds.
  path: Assets/Assets-Importe/Trees Package Lite/Meshes/demo.fbx
  artifactKey: Guid(56016c7d62a8a034fad8cf08e5cf8ed6) Importer(2089858483,192608db42251d675da83286b1cce702)
Start importing Assets/Assets-Importe/Trees Package Lite/Meshes/demo.fbx using Guid(56016c7d62a8a034fad8cf08e5cf8ed6) Importer(2089858483,192608db42251d675da83286b1cce702) (ScriptedImporter) -> (artifact id: 'b4a5936620a47daa46807ee70295b1d2') in 0.029026 seconds
Number of updated asset objects reloaded before import = 0Number of asset objects unloaded after import = 8

========================================================================
Received Import Request.
  Time since last request: 0.000020 seconds.
  path: Assets/Assets-Importe/Fries and Seagull/City 03/Sample Scene/LightingData.asset
  artifactKey: Guid(1571a14e8bdd9f44881cd2cdbbfbf8fc) Importer(2089858483,192608db42251d675da83286b1cce702)
Start importing Assets/Assets-Importe/Fries and Seagull/City 03/Sample Scene/LightingData.asset using Guid(1571a14e8bdd9f44881cd2cdbbfbf8fc) Importer(2089858483,192608db42251d675da83286b1cce702) (ScriptedImporter) -> (artifact id: 'e8e2b6ba04ac6cf9fb89f305f80d2333') in 0.0222024 seconds
Number of updated asset objects reloaded before import = 0Number of asset objects unloaded after import = 2

========================================================================
Received Import Request.
  Time since last request: 0.000032 seconds.
  path: Assets/Assets-Importe/Fries and Seagull/City 03/Prefabs/Trash/Trash Can 3.prefab
  artifactKey: Guid(3c9a536e4b004ef4a8bea8ecc9bff7fa) Importer(2089858483,192608db42251d675da83286b1cce702)
Start importing Assets/Assets-Importe/Fries and Seagull/City 03/Prefabs/Trash/Trash Can 3.prefab using Guid(3c9a536e4b004ef4a8bea8ecc9bff7fa) Importer(2089858483,192608db42251d675da83286b1cce702) (ScriptedImporter) -> (artifact id: 'e39f350a217fbc47e3b48c93d031a949') in 0.0198743 seconds
Number of updated asset objects reloaded before import = 0Number of asset objects unloaded after import = 17

========================================================================
Received Import Request.
  Time since last request: 0.000019 seconds.
  path: Assets/Assets-Importe/Trees Package Lite/Meshes/stump_snowy_011.fbx
  artifactKey: Guid(29d5954e873cb6d409555e757b162f86) Importer(2089858483,192608db42251d675da83286b1cce702)
Start importing Assets/Assets-Importe/Trees Package Lite/Meshes/stump_snowy_011.fbx using Guid(29d5954e873cb6d409555e757b162f86) Importer(2089858483,192608db42251d675da83286b1cce702) (ScriptedImporter) -> (artifact id: 'b855883b4cf7c9e7d2562606ea31ed31') in 0.0277242 seconds
Number of updated asset objects reloaded before import = 0Number of asset objects unloaded after import = 8

========================================================================
Received Import Request.
  Time since last request: 0.000020 seconds.
  path: Assets/Assets-Importe/Fries and Seagull/City 03/Prefabs/Vehicles/Gray Car.prefab
  artifactKey: Guid(db85732ec3820934399d5d7c2d6ec5b8) Importer(2089858483,192608db42251d675da83286b1cce702)
Start importing Assets/Assets-Importe/Fries and Seagull/City 03/Prefabs/Vehicles/Gray Car.prefab using Guid(db85732ec3820934399d5d7c2d6ec5b8) Importer(2089858483,192608db42251d675da83286b1cce702) (ScriptedImporter) -> (artifact id: '77f2257ae049c760841885e2a72ceb2a') in 0.0185091 seconds
Number of updated asset objects reloaded before import = 0Number of asset objects unloaded after import = 28

========================================================================
Received Import Request.
  Time since last request: 0.000019 seconds.
  path: Assets/Assets-Importe/Trees Package Lite/Meshes/stump_010.fbx
  artifactKey: Guid(411af27e158519b41948a5e284dc938d) Importer(2089858483,192608db42251d675da83286b1cce702)
Start importing Assets/Assets-Importe/Trees Package Lite/Meshes/stump_010.fbx using Guid(411af27e158519b41948a5e284dc938d) Importer(2089858483,192608db42251d675da83286b1cce702) (ScriptedImporter) -> (artifact id: '697197da1e9a0524fd8f3ce9e1cee6d0') in 0.0274404 seconds
Number of updated asset objects reloaded before import = 0Number of asset objects unloaded after import = 8

========================================================================
Received Import Request.
  Time since last request: 0.000030 seconds.
  path: Assets/Assets-Importe/Fries and Seagull/City 03/Prefabs/Manhole/Manhole Covers 3.prefab
  artifactKey: Guid(2fa08bae10e1ec54e91ab3e904e5f399) Importer(2089858483,192608db42251d675da83286b1cce702)
Start importing Assets/Assets-Importe/Fries and Seagull/City 03/Prefabs/Manhole/Manhole Covers 3.prefab using Guid(2fa08bae10e1ec54e91ab3e904e5f399) Importer(2089858483,192608db42251d675da83286b1cce702) (ScriptedImporter) -> (artifact id: '4d358bd42eed5391ebd05a48d658e82e') in 0.018465 seconds
Number of updated asset objects reloaded before import = 0Number of asset objects unloaded after import = 17

========================================================================
Received Import Request.
  Time since last request: 0.000018 seconds.
  path: Assets/Assets-Importe/Fries and Seagull/City 03/Prefabs/Public Utility/Bus Shelter.prefab
  artifactKey: Guid(9db28b8e527f9824494b5d4aca73f1c2) Importer(2089858483,192608db42251d675da83286b1cce702)
Start importing Assets/Assets-Importe/Fries and Seagull/City 03/Prefabs/Public Utility/Bus Shelter.prefab using Guid(9db28b8e527f9824494b5d4aca73f1c2) Importer(2089858483,192608db42251d675da83286b1cce702) (ScriptedImporter) -> (artifact id: '21cff293d6c2daa080b2d37d6721103b') in 0.0235434 seconds
Number of updated asset objects reloaded before import = 0Number of asset objects unloaded after import = 22

========================================================================
Received Import Request.
  Time since last request: 0.000022 seconds.
  path: Assets/Assets-Importe/Fries and Seagull/City 03/Models/Barricade 2.fbx
  artifactKey: Guid(1eb198bec0e844c40a4296bd3b8df68c) Importer(2089858483,192608db42251d675da83286b1cce702)
Start importing Assets/Assets-Importe/Fries and Seagull/City 03/Models/Barricade 2.fbx using Guid(1eb198bec0e844c40a4296bd3b8df68c) Importer(2089858483,192608db42251d675da83286b1cce702) (ScriptedImporter) -> (artifact id: 'f2ed23439b0e4843e93e09f439bdd1d2') in 0.0321582 seconds
Number of updated asset objects reloaded before import = 0Number of asset objects unloaded after import = 9

========================================================================
Received Import Request.
  Time since last request: 0.000028 seconds.
  path: Assets/Assets-Importe/Fries and Seagull/City 03/Models/House 10.fbx
  artifactKey: Guid(7ff0287e9c2599f4db17e273bab84301) Importer(2089858483,192608db42251d675da83286b1cce702)
Start importing Assets/Assets-Importe/Fries and Seagull/City 03/Models/House 10.fbx using Guid(7ff0287e9c2599f4db17e273bab84301) Importer(2089858483,192608db42251d675da83286b1cce702) (ScriptedImporter) -> (artifact id: 'd1ba96acdd1576d486b3a3af9640fd65') in 0.078664 seconds
Number of updated asset objects reloaded before import = 0Number of asset objects unloaded after import = 50

========================================================================
Received Import Request.
  Time since last request: 0.000036 seconds.
  path: Assets/Assets-Importe/Kevin Iglesias/Human Animations/Animations/Male/Movement/Jump/HumanM@Jump01 - Begin.fbx
  artifactKey: Guid(b1844fbe628f5bf4ab29e6c68912a708) Importer(2089858483,192608db42251d675da83286b1cce702)
Start importing Assets/Assets-Importe/Kevin Iglesias/Human Animations/Animations/Male/Movement/Jump/HumanM@Jump01 - Begin.fbx using Guid(b1844fbe628f5bf4ab29e6c68912a708) Importer(2089858483,192608db42251d675da83286b1cce702) (ScriptedImporter) -> (artifact id: 'e22c4a08238700d462053a82da188c66') in 0.0333288 seconds
Number of updated asset objects reloaded before import = 0Number of asset objects unloaded after import = 120

========================================================================
Received Import Request.
  Time since last request: 0.000032 seconds.
  path: Assets/Assets-Importe/Kevin Iglesias/Human Animations/Animations/Female/Idles/HumanF@Idle01.fbx
  artifactKey: Guid(0f69fd4f4ad106447896fb775199ed37) Importer(2089858483,192608db42251d675da83286b1cce702)
Start importing Assets/Assets-Importe/Kevin Iglesias/Human Animations/Animations/Female/Idles/HumanF@Idle01.fbx using Guid(0f69fd4f4ad106447896fb775199ed37) Importer(2089858483,192608db42251d675da83286b1cce702) (ScriptedImporter) -> (artifact id: 'aca8960f5e2824e95bfcb4621c11e736') in 0.0286874 seconds
Number of updated asset objects reloaded before import = 0Number of asset objects unloaded after import = 120

========================================================================
Received Import Request.
  Time since last request: 0.000023 seconds.
  path: Assets/Assets-Importe/Fries and Seagull/City 03/Prefabs/Road Unit/Road 1.prefab
  artifactKey: Guid(6dff1a1f8c6e84f489ab2741db2baa4f) Importer(2089858483,192608db42251d675da83286b1cce702)
Start importing Assets/Assets-Importe/Fries and Seagull/City 03/Prefabs/Road Unit/Road 1.prefab using Guid(6dff1a1f8c6e84f489ab2741db2baa4f) Importer(2089858483,192608db42251d675da83286b1cce702) (ScriptedImporter) -> (artifact id: '5c69b306af1917398be247d71e13182f') in 0.0174219 seconds
Number of updated asset objects reloaded before import = 0Number of asset objects unloaded after import = 16

========================================================================
Received Import Request.
  Time since last request: 0.000035 seconds.
  path: Assets/Assets-Importe/Trees Package Lite/Meshes/stump_005.fbx
  artifactKey: Guid(5ccbb80fccbbef44ba3bfe03e7df3c52) Importer(2089858483,192608db42251d675da83286b1cce702)
Start importing Assets/Assets-Importe/Trees Package Lite/Meshes/stump_005.fbx using Guid(5ccbb80fccbbef44ba3bfe03e7df3c52) Importer(2089858483,192608db42251d675da83286b1cce702) (ScriptedImporter) -> (artifact id: '21b36dd0d4125879ac9a4b7325180d3c') in 0.0497604 seconds
Number of updated asset objects reloaded before import = 0Number of asset objects unloaded after import = 8

========================================================================
Received Import Request.
  Time since last request: 0.000018 seconds.
  path: Assets/Assets-Importe/Fries and Seagull/City 03/Models/Trash Can 2.fbx
  artifactKey: Guid(2aeea5ee69740014aafde64a93efa61b) Importer(2089858483,192608db42251d675da83286b1cce702)
Start importing Assets/Assets-Importe/Fries and Seagull/City 03/Models/Trash Can 2.fbx using Guid(2aeea5ee69740014aafde64a93efa61b) Importer(2089858483,192608db42251d675da83286b1cce702) (ScriptedImporter) -> (artifact id: 'fb85b49ce4cace20534388a50631a165') in 0.0385631 seconds
Number of updated asset objects reloaded before import = 0Number of asset objects unloaded after import = 9

========================================================================
Received Import Request.
  Time since last request: 0.000022 seconds.
  path: Assets/Assets-Importe/Fries and Seagull/City 03/Scene Props/URP Post Process Profile.asset
  artifactKey: Guid(f341bd8f800061c4796c964155e32452) Importer(2089858483,192608db42251d675da83286b1cce702)
Start importing Assets/Assets-Importe/Fries and Seagull/City 03/Scene Props/URP Post Process Profile.asset using Guid(f341bd8f800061c4796c964155e32452) Importer(2089858483,192608db42251d675da83286b1cce702) (ScriptedImporter) -> (artifact id: '53949c3de9c8c83eccacd0037b67c253') in 0.0115496 seconds
Number of updated asset objects reloaded before import = 0Number of asset objects unloaded after import = 5

========================================================================
Received Import Request.
  Time since last request: 0.000033 seconds.
  path: Assets/Assets-Importe/Fries and Seagull/City 03/Prefabs/Light Sources/Traffic Light 2.prefab
  artifactKey: Guid(b225c85ffff4c1a449fdb1636e63ccc9) Importer(2089858483,192608db42251d675da83286b1cce702)
Start importing Assets/Assets-Importe/Fries and Seagull/City 03/Prefabs/Light Sources/Traffic Light 2.prefab using Guid(b225c85ffff4c1a449fdb1636e63ccc9) Importer(2089858483,192608db42251d675da83286b1cce702) (ScriptedImporter) -> (artifact id: '81836ce8cfa460dd5f2effe84e2ca294') in 0.0195688 seconds
Number of updated asset objects reloaded before import = 0Number of asset objects unloaded after import = 30

========================================================================
Received Import Request.
  Time since last request: 0.000039 seconds.
  path: Assets/Assets-Importe/Trees Package Lite/Prefabs/rock_006.prefab
  artifactKey: Guid(4075dd5f8e45364428f302d6472fba4a) Importer(2089858483,192608db42251d675da83286b1cce702)
Start importing Assets/Assets-Importe/Trees Package Lite/Prefabs/rock_006.prefab using Guid(4075dd5f8e45364428f302d6472fba4a) Importer(2089858483,192608db42251d675da83286b1cce702) (ScriptedImporter) -> (artifact id: 'e75b03f21fc74f0f81572fffec6d71e1') in 0.0218259 seconds
Number of updated asset objects reloaded before import = 0Number of asset objects unloaded after import = 14

========================================================================
Received Import Request.
  Time since last request: 0.000018 seconds.
  path: Assets/Assets-Importe/Fries and Seagull/City 03/Prefabs/Public Utility/Tree Pit.prefab
  artifactKey: Guid(83a216cfca0dba34a985eb00334174bc) Importer(2089858483,192608db42251d675da83286b1cce702)
Start importing Assets/Assets-Importe/Fries and Seagull/City 03/Prefabs/Public Utility/Tree Pit.prefab using Guid(83a216cfca0dba34a985eb00334174bc) Importer(2089858483,192608db42251d675da83286b1cce702) (ScriptedImporter) -> (artifact id: '5cc65e966db7f27dedc61cd6964beece') in 0.0203797 seconds
Number of updated asset objects reloaded before import = 0Number of asset objects unloaded after import = 17

========================================================================
Received Import Request.
  Time since last request: 0.000027 seconds.
  path: Assets/Assets-Importe/Trees Package Lite/Meshes/coconut_tree_2.fbx
  artifactKey: Guid(da3bddbfd2c9a304ea8e48989aa0d340) Importer(2089858483,192608db42251d675da83286b1cce702)
Start importing Assets/Assets-Importe/Trees Package Lite/Meshes/coconut_tree_2.fbx using Guid(da3bddbfd2c9a304ea8e48989aa0d340) Importer(2089858483,192608db42251d675da83286b1cce702) (ScriptedImporter) -> (artifact id: '83fb485065392ec59bf7e47870cc53f0') in 0.0357156 seconds
Number of updated asset objects reloaded before import = 0Number of asset objects unloaded after import = 8

========================================================================
Received Import Request.
  Time since last request: 0.000037 seconds.
  path: Assets/Assets-Importe/Dnk_Dev/Brick_Fence/Textures/T_Brick_BigGate_02_N.tga
  artifactKey: Guid(b2ff7aef75536ec438d11c804cf4ffe5) Importer(2089858483,192608db42251d675da83286b1cce702)
Start importing Assets/Assets-Importe/Dnk_Dev/Brick_Fence/Textures/T_Brick_BigGate_02_N.tga using Guid(b2ff7aef75536ec438d11c804cf4ffe5) Importer(2089858483,192608db42251d675da83286b1cce702) (ScriptedImporter) -> (artifact id: '919d1ee5982134b23769af36ddbdc4d0') in 0.0271955 seconds
Number of updated asset objects reloaded before import = 0Number of asset objects unloaded after import = 1

========================================================================
Received Import Request.
  Time since last request: 0.000022 seconds.
  path: Assets/animations/Ch17_nonPBR@Flying Back Death.fbx
  artifactKey: Guid(6c259e18089b79247afab03080f20d81) Importer(2089858483,192608db42251d675da83286b1cce702)
Start importing Assets/animations/Ch17_nonPBR@Flying Back Death.fbx using Guid(6c259e18089b79247afab03080f20d81) Importer(2089858483,192608db42251d675da83286b1cce702) (ScriptedImporter) -> (artifact id: 'c2dc0bde0c8f89c3644e02615c900da8') in 0.0774506 seconds
Number of updated asset objects reloaded before import = 0Number of asset objects unloaded after import = 175

========================================================================
Received Import Request.
  Time since last request: 0.000026 seconds.
  path: Assets/Assets-Importe/Fries and Seagull/City 03/Pipelines/Built-in Pipeline.unitypackage
  artifactKey: Guid(8a833aef6a6a38546a60320fc5f4714d) Importer(2089858483,192608db42251d675da83286b1cce702)
Start importing Assets/Assets-Importe/Fries and Seagull/City 03/Pipelines/Built-in Pipeline.unitypackage using Guid(8a833aef6a6a38546a60320fc5f4714d) Importer(2089858483,192608db42251d675da83286b1cce702) (ScriptedImporter) -> (artifact id: '7e3965f43c8095f8468b639e3c4903ec') in 0.0111665 seconds
Number of updated asset objects reloaded before import = 0Number of asset objects unloaded after import = 1

========================================================================
Received Import Request.
  Time since last request: 0.000077 seconds.
  path: Assets/Assets-Importe/Trees Package Lite/Prefabs/stump_005.prefab
  artifactKey: Guid(a0754ad5b6443334bab952bb9839b412) Importer(2089858483,192608db42251d675da83286b1cce702)
Start importing Assets/Assets-Importe/Trees Package Lite/Prefabs/stump_005.prefab using Guid(a0754ad5b6443334bab952bb9839b412) Importer(2089858483,192608db42251d675da83286b1cce702) (ScriptedImporter) -> (artifact id: '7d715c9da3247c4ed3cde6ace074bbae') in 0.0184035 seconds
Number of updated asset objects reloaded before import = 0Number of asset objects unloaded after import = 14

========================================================================
Received Import Request.
  Time since last request: 0.000020 seconds.
  path: Assets/Assets-Importe/Kevin Iglesias/Human Animations/Animations/Male/Movement/Walk/HumanM@Walk01_Forward.fbx
  artifactKey: Guid(c133e3c197c12e04a9dd23bd0966910f) Importer(2089858483,192608db42251d675da83286b1cce702)
Start importing Assets/Assets-Importe/Kevin Iglesias/Human Animations/Animations/Male/Movement/Walk/HumanM@Walk01_Forward.fbx using Guid(c133e3c197c12e04a9dd23bd0966910f) Importer(2089858483,192608db42251d675da83286b1cce702) (ScriptedImporter) -> (artifact id: 'f8093afa7fddda690febcdc650493500') in 0.0392104 seconds
Number of updated asset objects reloaded before import = 0Number of asset objects unloaded after import = 120

========================================================================
Received Import Request.
  Time since last request: 0.000026 seconds.
  path: Assets/Assets-Importe/Trees Package Lite/Meshes/stump_012.fbx
  artifactKey: Guid(182e8154a73c6a64ca68ffe1177ddfc9) Importer(2089858483,192608db42251d675da83286b1cce702)
Start importing Assets/Assets-Importe/Trees Package Lite/Meshes/stump_012.fbx using Guid(182e8154a73c6a64ca68ffe1177ddfc9) Importer(2089858483,192608db42251d675da83286b1cce702) (ScriptedImporter) -> (artifact id: '256d159c88d3461ac8dd71a82f2f146d') in 0.0314066 seconds
Number of updated asset objects reloaded before import = 0Number of asset objects unloaded after import = 8

========================================================================
Received Import Request.
  Time since last request: 0.000032 seconds.
  path: Assets/Sons/eating-chips-81092.mp3
  artifactKey: Guid(e56fcb59b6af02e479644b66eb8510bf) Importer(2089858483,192608db42251d675da83286b1cce702)
Start importing Assets/Sons/eating-chips-81092.mp3 using Guid(e56fcb59b6af02e479644b66eb8510bf) Importer(2089858483,192608db42251d675da83286b1cce702) (ScriptedImporter) -> (artifact id: '7389bee7af336ae314482197bdbaaf78') in 0.0403696 seconds
Number of updated asset objects reloaded before import = 0Number of asset objects unloaded after import = 1

========================================================================
Received Import Request.
  Time since last request: 0.000026 seconds.
  path: Assets/Assets-Importe/Trees Package Lite/Meshes/stump_007.fbx
  artifactKey: Guid(bf528d5706848834fbba082ba758dbe3) Importer(2089858483,192608db42251d675da83286b1cce702)
Start importing Assets/Assets-Importe/Trees Package Lite/Meshes/stump_007.fbx using Guid(bf528d5706848834fbba082ba758dbe3) Importer(2089858483,192608db42251d675da83286b1cce702) (ScriptedImporter) -> (artifact id: '177ed95ccd249e49974c927e45c23a53') in 0.0342159 seconds
Number of updated asset objects reloaded before import = 0Number of asset objects unloaded after import = 8

========================================================================
Received Import Request.
  Time since last request: 0.000033 seconds.
  path: Assets/Assets-Importe/LowlyPoly/Stylized Grass Texture/Scene/Stylized Grass Texture.unity
  artifactKey: Guid(83a21fae1fc001240a546c422d4e7432) Importer(2089858483,192608db42251d675da83286b1cce702)
Start importing Assets/Assets-Importe/LowlyPoly/Stylized Grass Texture/Scene/Stylized Grass Texture.unity using Guid(83a21fae1fc001240a546c422d4e7432) Importer(2089858483,192608db42251d675da83286b1cce702) (ScriptedImporter) -> (artifact id: '31fbd04b9c6528ac83a66993bb181960') in 0.0100313 seconds
Number of updated asset objects reloaded before import = 0Number of asset objects unloaded after import = 1

========================================================================
Received Import Request.
  Time since last request: 0.000032 seconds.
  path: Assets/Assets-Importe/Trees Package Lite/Scenes
  artifactKey: Guid(6296832179ae8474b8c53eecd916b72a) Importer(2089858483,192608db42251d675da83286b1cce702)
Start importing Assets/Assets-Importe/Trees Package Lite/Scenes using Guid(6296832179ae8474b8c53eecd916b72a) Importer(2089858483,192608db42251d675da83286b1cce702) (ScriptedImporter) -> (artifact id: '056f634ba6c7af79a2c98490867cc22c') in 0.0096469 seconds
Number of updated asset objects reloaded before import = 0Number of asset objects unloaded after import = 1

========================================================================
Received Import Request.
  Time since last request: 0.000024 seconds.
  path: Assets/Assets-Importe/Fries and Seagull/City 03/Prefabs/Vehicles/Bus.prefab
  artifactKey: Guid(ccd706a16ea864941a9cabb4857796a1) Importer(2089858483,192608db42251d675da83286b1cce702)
Start importing Assets/Assets-Importe/Fries and Seagull/City 03/Prefabs/Vehicles/Bus.prefab using Guid(ccd706a16ea864941a9cabb4857796a1) Importer(2089858483,192608db42251d675da83286b1cce702) (ScriptedImporter) -> (artifact id: '475944be55af4feda43522116a5c6a2e') in 0.0247839 seconds
Number of updated asset objects reloaded before import = 0Number of asset objects unloaded after import = 25

========================================================================
Received Import Request.
  Time since last request: 0.000033 seconds.
  path: Assets/Assets-Importe/Kevin Iglesias/Human Animations/Textures
  artifactKey: Guid(9062e0d614ae38b458231f34f36af0e8) Importer(2089858483,192608db42251d675da83286b1cce702)
Start importing Assets/Assets-Importe/Kevin Iglesias/Human Animations/Textures using Guid(9062e0d614ae38b458231f34f36af0e8) Importer(2089858483,192608db42251d675da83286b1cce702) (ScriptedImporter) -> (artifact id: '966cf213afeaa784b7b511db67429fdd') in 0.0097073 seconds
Number of updated asset objects reloaded before import = 0Number of asset objects unloaded after import = 1

========================================================================
Received Import Request.
  Time since last request: 0.000181 seconds.
  path: Assets/Assets-Importe/Fries and Seagull/City 03/Models/Box 1.fbx
  artifactKey: Guid(bf3f251a4ef209c449d7550e92b6583a) Importer(2089858483,192608db42251d675da83286b1cce702)
Start importing Assets/Assets-Importe/Fries and Seagull/City 03/Models/Box 1.fbx using Guid(bf3f251a4ef209c449d7550e92b6583a) Importer(2089858483,192608db42251d675da83286b1cce702) (ScriptedImporter) -> (artifact id: '3657a489a3bfa7f4eabd118b5ca709e9') in 0.0327322 seconds
Number of updated asset objects reloaded before import = 0Number of asset objects unloaded after import = 10

========================================================================
Received Import Request.
  Time since last request: 0.000021 seconds.
  path: Assets/Assets-Importe/Fries and Seagull/City 03/Pipelines
  artifactKey: Guid(684c4d80df87b1841a406e2010f7ad1e) Importer(2089858483,192608db42251d675da83286b1cce702)
Start importing Assets/Assets-Importe/Fries and Seagull/City 03/Pipelines using Guid(684c4d80df87b1841a406e2010f7ad1e) Importer(2089858483,192608db42251d675da83286b1cce702) (ScriptedImporter) -> (artifact id: '946d6a93a7f14e91fc48a975be6511b7') in 0.0102713 seconds
Number of updated asset objects reloaded before import = 0Number of asset objects unloaded after import = 1

========================================================================
Received Import Request.
  Time since last request: 0.000017 seconds.
  path: Assets/Assets-Importe/Fries and Seagull/City 03/Prefabs/Ground Mark/Ground Markings 6.prefab
  artifactKey: Guid(105b63c7b8539c84f985caeb7bc4bf65) Importer(2089858483,192608db42251d675da83286b1cce702)
Start importing Assets/Assets-Importe/Fries and Seagull/City 03/Prefabs/Ground Mark/Ground Markings 6.prefab using Guid(105b63c7b8539c84f985caeb7bc4bf65) Importer(2089858483,192608db42251d675da83286b1cce702) (ScriptedImporter) -> (artifact id: 'c8e887e503a2b185da3aee52b3c05dce') in 0.0205732 seconds
Number of updated asset objects reloaded before import = 0Number of asset objects unloaded after import = 13

========================================================================
Received Import Request.
  Time since last request: 0.000023 seconds.
  path: Assets/Assets-Importe/Fries and Seagull/City 03/Models/Portable Ladder.fbx
  artifactKey: Guid(b6e5a6a30e36b12489811fc8f88cd702) Importer(2089858483,192608db42251d675da83286b1cce702)
Start importing Assets/Assets-Importe/Fries and Seagull/City 03/Models/Portable Ladder.fbx using Guid(b6e5a6a30e36b12489811fc8f88cd702) Importer(2089858483,192608db42251d675da83286b1cce702) (ScriptedImporter) -> (artifact id: '1f18ac1ba753e2b215d228c4e2ae4c39') in 0.031732 seconds
Number of updated asset objects reloaded before import = 0Number of asset objects unloaded after import = 9

========================================================================
Received Import Request.
  Time since last request: 0.000033 seconds.
  path: Assets/Assets-Importe/Kevin Iglesias/Human Animations/Animations/Female/Movement/Sprint/RootMotion/HumanF@Sprint01_ForwardLeft [RM].fbx
  artifactKey: Guid(e43888617a116f943a10e74301b8fed1) Importer(2089858483,192608db42251d675da83286b1cce702)
Start importing Assets/Assets-Importe/Kevin Iglesias/Human Animations/Animations/Female/Movement/Sprint/RootMotion/HumanF@Sprint01_ForwardLeft [RM].fbx using Guid(e43888617a116f943a10e74301b8fed1) Importer(2089858483,192608db42251d675da83286b1cce702) (ScriptedImporter) -> (artifact id: 'bc2321630951e21048cebdd17c44de64') in 0.0363071 seconds
Number of updated asset objects reloaded before import = 0Number of asset objects unloaded after import = 120

========================================================================
Received Import Request.
  Time since last request: 0.000022 seconds.
  path: Assets/Assets-Importe/Kevin Iglesias/Human Animations/Unity Demo Scenes/Human Basic Motions/AnimatorControllers/HumanF@Run01_ForwardLeft.controller
  artifactKey: Guid(ffe97a0911b1e854b9a77c2752c38bb3) Importer(2089858483,192608db42251d675da83286b1cce702)
Start importing Assets/Assets-Importe/Kevin Iglesias/Human Animations/Unity Demo Scenes/Human Basic Motions/AnimatorControllers/HumanF@Run01_ForwardLeft.controller using Guid(ffe97a0911b1e854b9a77c2752c38bb3) Importer(2089858483,192608db42251d675da83286b1cce702) (ScriptedImporter) -> (artifact id: '50b03f3cd4c28244ea89555779278147') in 0.0128256 seconds
Number of updated asset objects reloaded before import = 0Number of asset objects unloaded after import = 4

========================================================================
Received Import Request.
  Time since last request: 0.000025 seconds.
  path: Assets/Assets-Importe/Fries and Seagull/City 03/Scene Props/BRP Post Process Profile(URP).asset
  artifactKey: Guid(259be781000eafa47a3674101974990d) Importer(2089858483,192608db42251d675da83286b1cce702)
Start importing Assets/Assets-Importe/Fries and Seagull/City 03/Scene Props/BRP Post Process Profile(URP).asset using Guid(259be781000eafa47a3674101974990d) Importer(2089858483,192608db42251d675da83286b1cce702) (ScriptedImporter) -> (artifact id: 'f3ad76470b434bbae9a2be98cd5033f1') in 0.0102866 seconds
Number of updated asset objects reloaded before import = 0Number of asset objects unloaded after import = 9

========================================================================
Received Import Request.
  Time since last request: 0.000029 seconds.
  path: Assets/Assets-Importe/Kevin Iglesias/Human Animations/Animations/Male/Movement/Run/RootMotion/HumanM@Run01_Forward [RM].fbx
  artifactKey: Guid(9500e467e35d4684880037a0762df59b) Importer(2089858483,192608db42251d675da83286b1cce702)
Start importing Assets/Assets-Importe/Kevin Iglesias/Human Animations/Animations/Male/Movement/Run/RootMotion/HumanM@Run01_Forward [RM].fbx using Guid(9500e467e35d4684880037a0762df59b) Importer(2089858483,192608db42251d675da83286b1cce702) (ScriptedImporter) -> (artifact id: '5aca62d992f149a50f8353f617ac8c73') in 0.0375889 seconds
Number of updated asset objects reloaded before import = 0Number of asset objects unloaded after import = 120

========================================================================
Received Import Request.
  Time since last request: 0.000020 seconds.
  path: Assets/Assets-Importe/Fries and Seagull/City 03/Prefabs/Trash/Trash Can 1.prefab
  artifactKey: Guid(4d07156327fe069469aa2e629b7bd531) Importer(2089858483,192608db42251d675da83286b1cce702)
Start importing Assets/Assets-Importe/Fries and Seagull/City 03/Prefabs/Trash/Trash Can 1.prefab using Guid(4d07156327fe069469aa2e629b7bd531) Importer(2089858483,192608db42251d675da83286b1cce702) (ScriptedImporter) -> (artifact id: '1a00041ba5a5a032056fbc8aaa5997b5') in 0.0181927 seconds
Number of updated asset objects reloaded before import = 0Number of asset objects unloaded after import = 17

========================================================================
Received Import Request.
  Time since last request: 0.000020 seconds.
  path: Assets/Assets-Importe/Kevin Iglesias/Human Animations/Animations/Male/Movement/Run/RootMotion
  artifactKey: Guid(5ca09be614981804ab3e7b144f0ac0fc) Importer(2089858483,192608db42251d675da83286b1cce702)
Start importing Assets/Assets-Importe/Kevin Iglesias/Human Animations/Animations/Male/Movement/Run/RootMotion using Guid(5ca09be614981804ab3e7b144f0ac0fc) Importer(2089858483,192608db42251d675da83286b1cce702) (ScriptedImporter) -> (artifact id: '0c35d8791d79b707431f53c8450f455f') in 0.0078557 seconds
Number of updated asset objects reloaded before import = 0Number of asset objects unloaded after import = 1

========================================================================
Received Import Request.
  Time since last request: 0.000027 seconds.
  path: Assets/Assets-Importe/Fries and Seagull/City 03/Prefabs/Road Unit/Road 2.prefab
  artifactKey: Guid(18ec20f05ee3a2746ac1589ba54cd3f0) Importer(2089858483,192608db42251d675da83286b1cce702)
Start importing Assets/Assets-Importe/Fries and Seagull/City 03/Prefabs/Road Unit/Road 2.prefab using Guid(18ec20f05ee3a2746ac1589ba54cd3f0) Importer(2089858483,192608db42251d675da83286b1cce702) (ScriptedImporter) -> (artifact id: 'f7264c91a0d0dc37dfdeca0c60e512f4') in 0.0185037 seconds
Number of updated asset objects reloaded before import = 0Number of asset objects unloaded after import = 20

========================================================================
Received Import Request.
  Time since last request: 0.000025 seconds.
  path: Assets/Assets-Importe/Fries and Seagull/City 03/Prefabs/Plants/Tree 3.prefab
  artifactKey: Guid(5ebb16597b4973443ae86364307ce9ce) Importer(2089858483,192608db42251d675da83286b1cce702)
Start importing Assets/Assets-Importe/Fries and Seagull/City 03/Prefabs/Plants/Tree 3.prefab using Guid(5ebb16597b4973443ae86364307ce9ce) Importer(2089858483,192608db42251d675da83286b1cce702) (ScriptedImporter) -> (artifact id: '4fdea9f705131d3d128af5436eeb17ad') in 0.0162605 seconds
Number of updated asset objects reloaded before import = 0Number of asset objects unloaded after import = 21

========================================================================
Received Import Request.
  Time since last request: 0.000021 seconds.
  path: Assets/TextMesh Pro/Sprites/EmojiOne Attribution.txt
  artifactKey: Guid(381dcb09d5029d14897e55f98031fca5) Importer(2089858483,192608db42251d675da83286b1cce702)
Start importing Assets/TextMesh Pro/Sprites/EmojiOne Attribution.txt using Guid(381dcb09d5029d14897e55f98031fca5) Importer(2089858483,192608db42251d675da83286b1cce702) (ScriptedImporter) -> (artifact id: 'e76d1d17d322407e76d1f3399f554fe8') in 0.0133698 seconds
Number of updated asset objects reloaded before import = 0Number of asset objects unloaded after import = 1

========================================================================
Received Import Request.
  Time since last request: 0.000034 seconds.
  path: Assets/Assets-Importe/Kevin Iglesias/Human Animations/Animations/Female/Social/Conversation/HumanF@Talk01.fbx
  artifactKey: Guid(ef7fc1c2505f93948addc245824a58b1) Importer(2089858483,192608db42251d675da83286b1cce702)
Start importing Assets/Assets-Importe/Kevin Iglesias/Human Animations/Animations/Female/Social/Conversation/HumanF@Talk01.fbx using Guid(ef7fc1c2505f93948addc245824a58b1) Importer(2089858483,192608db42251d675da83286b1cce702) (ScriptedImporter) -> (artifact id: '72162ecb8024e8e11049bac8c18b8d2b') in 0.0347512 seconds
Number of updated asset objects reloaded before import = 0Number of asset objects unloaded after import = 120

========================================================================
Received Import Request.
  Time since last request: 0.000030 seconds.
  path: Assets/Assets-Importe/Trees Package Lite/Meshes/pine_tree_1.fbx
  artifactKey: Guid(e5ca7b90243e4c449b8b46532f6a13ba) Importer(2089858483,192608db42251d675da83286b1cce702)
Start importing Assets/Assets-Importe/Trees Package Lite/Meshes/pine_tree_1.fbx using Guid(e5ca7b90243e4c449b8b46532f6a13ba) Importer(2089858483,192608db42251d675da83286b1cce702) (ScriptedImporter) -> (artifact id: 'ce05dcfffdf6bee12e663b57dc0755ed') in 0.0321538 seconds
Number of updated asset objects reloaded before import = 0Number of asset objects unloaded after import = 8

Editor requested this worker to shutdown with reason: Scaling down because of idle timeout
AssetImportWorker is now disconnected from the server
Process exiting
Exiting without the bug reporter. Application will terminate with return code 0