[Licensing::Module] Trying to connect to existing licensing client channel...
[Licensing::IpcConnector] Successfully connected to: "LicenseClient-oliau" at "2025-12-05T16:46:54.6764115Z"
Built from '6000.2/respin/6000.2.8f1-e4064264ae96' branch; Version is '6000.2.8f1 (c9992ac36c34) revision 13211946'; Using compiler version '194234433'; Build Type 'Release'
OS: 'Windows 11  (10.0.26200) 64bit Professional' Language: 'fr' Physical Memory: 28330 MB
BatchMode: 1, IsHumanControllingUs: 0, StartBugReporterOnCrash: 0, Is64bit: 1
Date: 2025-12-05T16:46:54Z

COMMAND LINE ARGUMENTS:
C:\Program Files\Unity\Hub\Editor\6000.2.8f1\Editor\Unity.exe
-adb2
-batchMode
-noUpm
-name
AssetImportWorker2
-projectPath
C:/Users/oliau/Desktop/TIM 2025/2-Automne/3J3/TP/TP-Jeu
-logFile
Logs/AssetImportWorker2.log
-srvPort
53972
-licensingIpc
LicenseClient-oliau
-job-worker-count
7
-background-job-worker-count
8
-gc-helper-count
1
-name
AssetImport
Successfully changed project path to: C:/Users/oliau/Desktop/TIM 2025/2-Automne/3J3/TP/TP-Jeu
C:/Users/oliau/Desktop/TIM 2025/2-Automne/3J3/TP/TP-Jeu
[UnityMemory] Configuration Parameters - Can be set up in boot.config
    "memorysetup-allocator-temp-initial-block-size-main=262144"
    "memorysetup-allocator-temp-initial-block-size-worker=262144"
    "memorysetup-bucket-allocator-granularity=16"
    "memorysetup-bucket-allocator-bucket-count=8"
    "memorysetup-bucket-allocator-block-size=33554432"
    "memorysetup-bucket-allocator-block-count=8"
    "memorysetup-main-allocator-block-size=16777216"
    "memorysetup-thread-allocator-block-size=16777216"
    "memorysetup-gfx-main-allocator-block-size=16777216"
    "memorysetup-gfx-thread-allocator-block-size=16777216"
    "memorysetup-cache-allocator-block-size=4194304"
    "memorysetup-typetree-allocator-block-size=2097152"
    "memorysetup-profiler-bucket-allocator-granularity=16"
    "memorysetup-profiler-bucket-allocator-bucket-count=8"
    "memorysetup-profiler-bucket-allocator-block-size=33554432"
    "memorysetup-profiler-bucket-allocator-block-count=8"
    "memorysetup-profiler-allocator-block-size=16777216"
    "memorysetup-profiler-editor-allocator-block-size=1048576"
    "memorysetup-temp-allocator-size-main=16777216"
    "memorysetup-job-temp-allocator-block-size=2097152"
    "memorysetup-job-temp-allocator-block-size-background=1048576"
    "memorysetup-job-temp-allocator-reduction-small-platforms=262144"
    "memorysetup-temp-allocator-size-background-worker=32768"
    "memorysetup-temp-allocator-size-job-worker=262144"
    "memorysetup-temp-allocator-size-preload-manager=33554432"
    "memorysetup-temp-allocator-size-nav-mesh-worker=65536"
    "memorysetup-temp-allocator-size-audio-worker=65536"
    "memorysetup-temp-allocator-size-cloud-worker=32768"
    "memorysetup-temp-allocator-size-gi-baking-worker=262144"
    "memorysetup-temp-allocator-size-gi-baking-worker=262144"
    "memorysetup-temp-allocator-size-gi-baking-worker=262144"
    "memorysetup-temp-allocator-size-gi-baking-worker=262144"
    "memorysetup-temp-allocator-size-gi-baking-worker=262144"
    "memorysetup-temp-allocator-size-gfx=262144"
Player connection [27328]  Target information:

Player connection [27328]  * "[IP] 10.50.8.129 [Port] 0 [Flags] 2 [Guid] 900759903 [EditorId] 900759903 [Version] 1048832 [Id] WindowsEditor(7,OLI-SCHOOL-LAP) [Debug] 1 [PackageName] WindowsEditor [ProjectName] Editor" 

Player connection [27328] Host joined multi-casting on [225.0.0.222:54997]...
Player connection [27328] Host joined alternative multi-casting on [225.0.0.222:34997]...
JobSystem: Creating JobQueue using job-worker-count value 7
Input System module state changed to: Initialized.
[Physics::Module] Initialized fallback backend.
[Physics::Module] Id: 0xdecafbad
[Licensing::Client] Code 10 while verifying Licensing Client signature (process Id: 13180, path: "C:/Program Files/Unity Hub/UnityLicensingClient_V1/Unity.Licensing.Client.exe")
[Licensing::Module] LicensingClient has failed validation; ignoring
[Licensing::Client] Handshaking with LicensingClient:
  Version:                 1.17.3+a4e98f1
  Session Id:              1f1d3eef698f448fbfb9e8d774eecf67
  Correlation Id:          49831b8d12f802d6f393610d5344d66c
  External correlation Id: 4103131733311780559
  Machine Id:              38a2xp5jTUHMWTaAZnWFeybQ1e8=
[Licensing::Module] Successfully connected to LicensingClient on channel: "LicenseClient-oliau" (connect: 0.00s, validation: 0.01s, handshake: 0.05s)
[Licensing::IpcConnector] Successfully connected to: "LicenseClient-oliau-notifications" at "2025-12-05T16:46:54.7431744Z"
[Licensing::Module] Licensing Background thread has ended after 0.07s
Library Redirect Path: Library/
[Physics::Module] Selected backend.
[Physics::Module] Name: PhysX
[Physics::Module] Id: 0xf2b8ea05
[Physics::Module] SDK Version: 4.1.2
[Physics::Module] Integration Version: 1.0.0
[Physics::Module] Threading Mode: Multi-Threaded
Refreshing native plugins compatible for Editor in 4.74 ms, found 3 plugins.
Preloading 0 native plugins for Editor in 0.00 ms.
Initialize engine version: 6000.2.8f1 (c9992ac36c34)
[Subsystems] Discovering subsystems at path C:/Program Files/Unity/Hub/Editor/6000.2.8f1/Editor/Data/Resources/UnitySubsystems
[Subsystems] Discovering subsystems at path C:/Users/oliau/Desktop/TIM 2025/2-Automne/3J3/TP/TP-Jeu/Assets
GfxDevice: creating device client; kGfxThreadingModeNonThreaded
Direct3D:
    Version:  Direct3D 11.0 [level 11.1]
    Renderer: AMD Radeon 780M Graphics (ID=0x1900)
    Vendor:   ATI
    VRAM:     14165 MB
    Driver:   32.0.13040.12005
Initialize mono
Mono path[0] = 'C:/Program Files/Unity/Hub/Editor/6000.2.8f1/Editor/Data/Managed'
Mono path[1] = 'C:/Program Files/Unity/Hub/Editor/6000.2.8f1/Editor/Data/MonoBleedingEdge/lib/mono/unityjit-win32'
Mono config path = 'C:/Program Files/Unity/Hub/Editor/6000.2.8f1/Editor/Data/MonoBleedingEdge/etc'
Using monoOptions --debugger-agent=transport=dt_socket,embedding=1,server=y,suspend=n,address=127.0.0.1:56752
Begin MonoManager ReloadAssembly
Registering precompiled unity dll's ...
Register platform support module: C:/Program Files/Unity/Hub/Editor/6000.2.8f1/Editor/Data/PlaybackEngines/WindowsStandaloneSupport/UnityEditor.WindowsStandalone.Extensions.dll
Registered in 0.003901 seconds.
- Loaded All Assemblies, in  0.643 seconds
Native extension for WindowsStandalone target not found
Mono: successfully reloaded assembly
- Finished resetting the current domain, in  0.492 seconds
Domain Reload Profiling: 1129ms
	BeginReloadAssembly (217ms)
		ExecutionOrderSort (0ms)
		DisableScriptedObjects (0ms)
		BackupInstance (0ms)
		ReleaseScriptingObjects (0ms)
		CreateAndSetChildDomain (2ms)
	RebuildCommonClasses (64ms)
	RebuildNativeTypeToScriptingClass (15ms)
	initialDomainReloadingComplete (75ms)
	LoadAllAssembliesAndSetupDomain (267ms)
		LoadAssemblies (209ms)
		RebuildTransferFunctionScriptingTraits (0ms)
		AnalyzeDomain (262ms)
			TypeCache.Refresh (258ms)
				TypeCache.ScanAssembly (239ms)
			BuildScriptInfoCaches (0ms)
			ResolveRequiredComponents (1ms)
	FinalizeReload (493ms)
		ReleaseScriptCaches (0ms)
		RebuildScriptCaches (0ms)
		SetupLoadedEditorAssemblies (417ms)
			LogAssemblyErrors (0ms)
			InitializePlatformSupportModulesInManaged (74ms)
			SetLoadedEditorAssemblies (5ms)
			BeforeProcessingInitializeOnLoad (111ms)
			ProcessInitializeOnLoadAttributes (164ms)
			ProcessInitializeOnLoadMethodAttributes (62ms)
			AfterProcessingInitializeOnLoad (0ms)
			EditorAssembliesLoaded (0ms)
		ExecutionOrderSort2 (0ms)
		AwakeInstancesAfterBackupRestoration (0ms)
========================================================================
Worker process is ready to serve import requests
Import Worker Mode flag is 0x00
Begin MonoManager ReloadAssembly
[Licensing::Client] Successfully resolved entitlement details
[Licensing::Module] License group:
  Id: 3574297690481-UnityPersXXXX
  Product: Unity Personal
  Type: Assigned
  Expiration: Unlimited
- Loaded All Assemblies, in  1.064 seconds
'Packages/com.unity.render-pipelines.high-definition/Editor/Wizard/HDWizard.UIElement.cs' contains partial class of Unity.Object, exactly 1 of the partial classes needs to be in a file with the same filename. This is to know the one that can be referenced from ie. GameObjects
'Packages/com.unity.render-pipelines.high-definition/Editor/Wizard/HDWizard.Configuration.cs' contains partial class of Unity.Object, exactly 1 of the partial classes needs to be in a file with the same filename. This is to know the one that can be referenced from ie. GameObjects
'Packages/com.unity.render-pipelines.high-definition/Editor/Wizard/HDWizard.Window.cs' contains partial class of Unity.Object, exactly 1 of the partial classes needs to be in a file with the same filename. This is to know the one that can be referenced from ie. GameObjects
Refreshing native plugins compatible for Editor in 1.79 ms, found 3 plugins.
Native extension for WindowsStandalone target not found
Package Manager log level set to [2]
[Package Manager] Failed to launch server process. Reason: Unity was launched with the -noUpm command-line argument
[Package Manager] Unable to send message (not connected to server process).
[Package Manager] Cannot connect to Unity Package Manager local server
Mono: successfully reloaded assembly
- Finished resetting the current domain, in  0.908 seconds
Domain Reload Profiling: 1965ms
	BeginReloadAssembly (224ms)
		ExecutionOrderSort (0ms)
		DisableScriptedObjects (8ms)
		BackupInstance (0ms)
		ReleaseScriptingObjects (0ms)
		CreateAndSetChildDomain (34ms)
	RebuildCommonClasses (35ms)
	RebuildNativeTypeToScriptingClass (14ms)
	initialDomainReloadingComplete (45ms)
	LoadAllAssembliesAndSetupDomain (740ms)
		LoadAssemblies (485ms)
		RebuildTransferFunctionScriptingTraits (0ms)
		AnalyzeDomain (367ms)
			TypeCache.Refresh (269ms)
				TypeCache.ScanAssembly (252ms)
			BuildScriptInfoCaches (74ms)
			ResolveRequiredComponents (17ms)
	FinalizeReload (909ms)
		ReleaseScriptCaches (0ms)
		RebuildScriptCaches (0ms)
		SetupLoadedEditorAssemblies (675ms)
			LogAssemblyErrors (0ms)
			InitializePlatformSupportModulesInManaged (3ms)
			SetLoadedEditorAssemblies (7ms)
			BeforeProcessingInitializeOnLoad (159ms)
			ProcessInitializeOnLoadAttributes (423ms)
			ProcessInitializeOnLoadMethodAttributes (75ms)
			AfterProcessingInitializeOnLoad (8ms)
			EditorAssembliesLoaded (1ms)
		ExecutionOrderSort2 (0ms)
		AwakeInstancesAfterBackupRestoration (7ms)
WARNING: Shader Unsupported: 'HDRP/TerrainLit' - All subshaders removed
WARNING: Shader Did you use #pragma only_renderers and omit this platform?
WARNING: Shader If subshaders removal was intentional, you may have forgotten turning Fallback off?
WARNING: Shader Unsupported: 'HDRP/TerrainLit' - All subshaders removed
WARNING: Shader Did you use #pragma only_renderers and omit this platform?
WARNING: Shader If subshaders removal was intentional, you may have forgotten turning Fallback off?
Launched and connected shader compiler UnityShaderCompiler.exe after 0.03 seconds
Refreshing native plugins compatible for Editor in 1.48 ms, found 3 plugins.
Preloading 0 native plugins for Editor in 0.00 ms.
Unloading 193 Unused Serialized files (Serialized files now loaded: 0)
Unloading 7960 unused Assets / (38.3 MB). Loaded Objects now: 8631.
Memory consumption went from 219.3 MB to 181.0 MB.
Total: 14.886200 ms (FindLiveObjects: 0.983200 ms CreateObjectMapping: 0.904700 ms MarkObjects: 5.162700 ms  DeleteObjects: 7.833000 ms)

========================================================================
Received Import Request.
  Time since last request: 272056.824311 seconds.
  path: Assets/TextMesh Pro/Shaders/TMPro_Mobile.cginc
  artifactKey: Guid(c334973cef89a9840b0b0c507e0377ab) Importer(2089858483,192608db42251d675da83286b1cce702)
Start importing Assets/TextMesh Pro/Shaders/TMPro_Mobile.cginc using Guid(c334973cef89a9840b0b0c507e0377ab) Importer(2089858483,192608db42251d675da83286b1cce702) (ScriptedImporter) -> (artifact id: '656113937413e23a12173a1f93887910') in 0.2334694 seconds
Number of updated asset objects reloaded before import = 0Number of asset objects unloaded after import = 1

========================================================================
Received Import Request.
  Time since last request: 0.000034 seconds.
  path: Assets/Assets-Importe/Kevin Iglesias/Human Animations/Unity Demo Scenes/Human Basic Motions/AnimatorControllers/HumanF@Run01_Left.controller
  artifactKey: Guid(11305d704b8954c49ac0cd1e03587b51) Importer(2089858483,192608db42251d675da83286b1cce702)
Start importing Assets/Assets-Importe/Kevin Iglesias/Human Animations/Unity Demo Scenes/Human Basic Motions/AnimatorControllers/HumanF@Run01_Left.controller using Guid(11305d704b8954c49ac0cd1e03587b51) Importer(2089858483,192608db42251d675da83286b1cce702) (ScriptedImporter) -> (artifact id: 'cb1f0585d1398873fd3085c56c91960c') in 0.0367759 seconds
Number of updated asset objects reloaded before import = 0Number of asset objects unloaded after import = 4

========================================================================
Received Import Request.
  Time since last request: 0.000036 seconds.
  path: Assets/Assets-Importe/Fries and Seagull/City 03/Scene Props/Scripts/Setup
  artifactKey: Guid(4f2e29068ec64092bfad3ad9d19320ae) Importer(2089858483,192608db42251d675da83286b1cce702)
Start importing Assets/Assets-Importe/Fries and Seagull/City 03/Scene Props/Scripts/Setup using Guid(4f2e29068ec64092bfad3ad9d19320ae) Importer(2089858483,192608db42251d675da83286b1cce702) (ScriptedImporter) -> (artifact id: '35e2848a8a228386dd791df2f43d9642') in 0.0089016 seconds
Number of updated asset objects reloaded before import = 0Number of asset objects unloaded after import = 1

========================================================================
Received Import Request.
  Time since last request: 0.000018 seconds.
  path: Assets/TextMesh Pro/Shaders/SDFFunctions.hlsl
  artifactKey: Guid(96de908384869cd409c75efa351d5edf) Importer(2089858483,192608db42251d675da83286b1cce702)
Start importing Assets/TextMesh Pro/Shaders/SDFFunctions.hlsl using Guid(96de908384869cd409c75efa351d5edf) Importer(2089858483,192608db42251d675da83286b1cce702) (ScriptedImporter) -> (artifact id: '85079cb81c55c0c9c34ad53f8246d007') in 0.0119486 seconds
Number of updated asset objects reloaded before import = 0Number of asset objects unloaded after import = 1

========================================================================
Received Import Request.
  Time since last request: 0.000018 seconds.
  path: Assets/Assets-Importe/Fries and Seagull/City 03/Prefabs/Vehicles/Orange Truck.prefab
  artifactKey: Guid(d74f5250ac649db40915fbdfcdd152c6) Importer(2089858483,192608db42251d675da83286b1cce702)
Start importing Assets/Assets-Importe/Fries and Seagull/City 03/Prefabs/Vehicles/Orange Truck.prefab using Guid(d74f5250ac649db40915fbdfcdd152c6) Importer(2089858483,192608db42251d675da83286b1cce702) (ScriptedImporter) -> (artifact id: '9f449bf6da872818ccaaa72ebdccb493') in 0.0997627 seconds
Number of updated asset objects reloaded before import = 0Number of asset objects unloaded after import = 29

========================================================================
Received Import Request.
  Time since last request: 0.000026 seconds.
  path: Assets/Assets-Importe/Fries and Seagull/City 03/Scene Props
  artifactKey: Guid(096fc99c0fda9d348aa7b308c2a270eb) Importer(2089858483,192608db42251d675da83286b1cce702)
Start importing Assets/Assets-Importe/Fries and Seagull/City 03/Scene Props using Guid(096fc99c0fda9d348aa7b308c2a270eb) Importer(2089858483,192608db42251d675da83286b1cce702) (ScriptedImporter) -> (artifact id: '8dd5dc596ba347385fec32f0b6439237') in 0.0101302 seconds
Number of updated asset objects reloaded before import = 0Number of asset objects unloaded after import = 1

========================================================================
Received Import Request.
  Time since last request: 0.000030 seconds.
  path: Assets/TextMesh Pro/Shaders/TMP_SDF-Mobile-2-Pass.shader
  artifactKey: Guid(0178fcb869bafef4690d177d31d17db8) Importer(2089858483,192608db42251d675da83286b1cce702)
Start importing Assets/TextMesh Pro/Shaders/TMP_SDF-Mobile-2-Pass.shader using Guid(0178fcb869bafef4690d177d31d17db8) Importer(2089858483,192608db42251d675da83286b1cce702) (ScriptedImporter) -> (artifact id: '0ce0c7f84b1992cd869c5df38a739375') in 0.018646 seconds
Number of updated asset objects reloaded before import = 0Number of asset objects unloaded after import = 1

========================================================================
Received Import Request.
  Time since last request: 0.000022 seconds.
  path: Assets/Assets-Importe/Fries and Seagull/City 03/Prefabs/Fence/Road Fence 1.prefab
  artifactKey: Guid(8a0f53613d652124aa449c4eb095e61c) Importer(2089858483,192608db42251d675da83286b1cce702)
Start importing Assets/Assets-Importe/Fries and Seagull/City 03/Prefabs/Fence/Road Fence 1.prefab using Guid(8a0f53613d652124aa449c4eb095e61c) Importer(2089858483,192608db42251d675da83286b1cce702) (ScriptedImporter) -> (artifact id: '1cde234830f3e569076d08269b3fe1be') in 0.0199575 seconds
Number of updated asset objects reloaded before import = 0Number of asset objects unloaded after import = 18

========================================================================
Received Import Request.
  Time since last request: 0.000023 seconds.
  path: Assets/Assets-Importe/Trees Package Lite/Prefabs/sakura_tree_snowy.prefab
  artifactKey: Guid(bc16ac11652fde7439702881d9fd524e) Importer(2089858483,192608db42251d675da83286b1cce702)
Start importing Assets/Assets-Importe/Trees Package Lite/Prefabs/sakura_tree_snowy.prefab using Guid(bc16ac11652fde7439702881d9fd524e) Importer(2089858483,192608db42251d675da83286b1cce702) (ScriptedImporter) -> (artifact id: '189a94a79919f41863af6fd9e18f7744') in 0.0223337 seconds
Number of updated asset objects reloaded before import = 0Number of asset objects unloaded after import = 14

========================================================================
Received Import Request.
  Time since last request: 0.000029 seconds.
  path: Assets/Assets-Importe/Kevin Iglesias/Human Animations/Animations/Male/Movement/Walk/HumanM@Walk01_ForwardLeft.fbx
  artifactKey: Guid(3a4cf5e04ded562489d1c3b2da8c2d7a) Importer(2089858483,192608db42251d675da83286b1cce702)
Start importing Assets/Assets-Importe/Kevin Iglesias/Human Animations/Animations/Male/Movement/Walk/HumanM@Walk01_ForwardLeft.fbx using Guid(3a4cf5e04ded562489d1c3b2da8c2d7a) Importer(2089858483,192608db42251d675da83286b1cce702) (ScriptedImporter) -> (artifact id: 'fa48d12d15402135f69a319b14cf894f') in 0.0575514 seconds
Number of updated asset objects reloaded before import = 0Number of asset objects unloaded after import = 120

========================================================================
Received Import Request.
  Time since last request: 0.000028 seconds.
  path: Assets/TextMesh Pro/Fonts
  artifactKey: Guid(6ab70aee4d56447429c680537fbf93ed) Importer(2089858483,192608db42251d675da83286b1cce702)
Start importing Assets/TextMesh Pro/Fonts using Guid(6ab70aee4d56447429c680537fbf93ed) Importer(2089858483,192608db42251d675da83286b1cce702) (ScriptedImporter) -> (artifact id: '4f59a56094cc0012496abb518fc7b624') in 0.008358 seconds
Number of updated asset objects reloaded before import = 0Number of asset objects unloaded after import = 1

========================================================================
Received Import Request.
  Time since last request: 0.000019 seconds.
  path: Assets/Assets-Importe/Fries and Seagull/City 03/Models/Signage 4.fbx
  artifactKey: Guid(e8e27b004efc4394aa60fb371764f54c) Importer(2089858483,192608db42251d675da83286b1cce702)
Start importing Assets/Assets-Importe/Fries and Seagull/City 03/Models/Signage 4.fbx using Guid(e8e27b004efc4394aa60fb371764f54c) Importer(2089858483,192608db42251d675da83286b1cce702) (ScriptedImporter) -> (artifact id: '26e87209934de7680d4e05e9a05fb767') in 0.0628657 seconds
Number of updated asset objects reloaded before import = 0Number of asset objects unloaded after import = 11

========================================================================
Received Import Request.
  Time since last request: 0.000023 seconds.
  path: Assets/Assets-Importe/Dnk_Dev/Brick_Fence/Models
  artifactKey: Guid(22cf75ccbb34e3c4d9b35c45e8bc99c1) Importer(2089858483,192608db42251d675da83286b1cce702)
Start importing Assets/Assets-Importe/Dnk_Dev/Brick_Fence/Models using Guid(22cf75ccbb34e3c4d9b35c45e8bc99c1) Importer(2089858483,192608db42251d675da83286b1cce702) (ScriptedImporter) -> (artifact id: '60cc4136996f02b575056db7f322e1dc') in 0.0081492 seconds
Number of updated asset objects reloaded before import = 0Number of asset objects unloaded after import = 1

========================================================================
Received Import Request.
  Time since last request: 0.000056 seconds.
  path: Assets/Assets-Importe/Kevin Iglesias/Human Animations/Animations/Male/Movement/Jump/HumanM@Jump01 - Land.fbx
  artifactKey: Guid(c969c57136eab8b48b882fdc45e975c4) Importer(2089858483,192608db42251d675da83286b1cce702)
Start importing Assets/Assets-Importe/Kevin Iglesias/Human Animations/Animations/Male/Movement/Jump/HumanM@Jump01 - Land.fbx using Guid(c969c57136eab8b48b882fdc45e975c4) Importer(2089858483,192608db42251d675da83286b1cce702) (ScriptedImporter) -> (artifact id: '48bf9e461870cd06326fdbf26ffdf9d5') in 0.0346963 seconds
Number of updated asset objects reloaded before import = 0Number of asset objects unloaded after import = 120

========================================================================
Received Import Request.
  Time since last request: 0.000026 seconds.
  path: Assets/Assets-Importe/Trees Package Lite/Prefabs/sign_snowy_001.prefab
  artifactKey: Guid(b8f26002776a4a4409323663348f9a60) Importer(2089858483,192608db42251d675da83286b1cce702)
Start importing Assets/Assets-Importe/Trees Package Lite/Prefabs/sign_snowy_001.prefab using Guid(b8f26002776a4a4409323663348f9a60) Importer(2089858483,192608db42251d675da83286b1cce702) (ScriptedImporter) -> (artifact id: '78f3541e953fe21bf3b498e61cf5da7f') in 0.0195769 seconds
Number of updated asset objects reloaded before import = 0Number of asset objects unloaded after import = 14

========================================================================
Received Import Request.
  Time since last request: 0.000022 seconds.
  path: Assets/Assets-Importe/Fries and Seagull/City 03/Prefabs/Fence/Stone Fence 2.prefab
  artifactKey: Guid(bafcb6e183fb9cf4e8c4c78543632f66) Importer(2089858483,192608db42251d675da83286b1cce702)
Start importing Assets/Assets-Importe/Fries and Seagull/City 03/Prefabs/Fence/Stone Fence 2.prefab using Guid(bafcb6e183fb9cf4e8c4c78543632f66) Importer(2089858483,192608db42251d675da83286b1cce702) (ScriptedImporter) -> (artifact id: '04e0b4362917279a94aef7f5a9240728') in 0.0193643 seconds
Number of updated asset objects reloaded before import = 0Number of asset objects unloaded after import = 18

========================================================================
Received Import Request.
  Time since last request: 0.000036 seconds.
  path: Assets/Assets-Importe/Dnk_Dev
  artifactKey: Guid(c05f7139b6664c346a5d878341b4de94) Importer(2089858483,192608db42251d675da83286b1cce702)
Start importing Assets/Assets-Importe/Dnk_Dev using Guid(c05f7139b6664c346a5d878341b4de94) Importer(2089858483,192608db42251d675da83286b1cce702) (ScriptedImporter) -> (artifact id: '26bd7d6cd834d6080397a08c6480e595') in 0.0080902 seconds
Number of updated asset objects reloaded before import = 0Number of asset objects unloaded after import = 1

========================================================================
Received Import Request.
  Time since last request: 0.000017 seconds.
  path: Assets/Assets-Importe/Fries and Seagull/City 03/Prefabs/Public Utility/Telephone Booth.prefab
  artifactKey: Guid(596557109d929d443a1db8ece53c8ae1) Importer(2089858483,192608db42251d675da83286b1cce702)
Start importing Assets/Assets-Importe/Fries and Seagull/City 03/Prefabs/Public Utility/Telephone Booth.prefab using Guid(596557109d929d443a1db8ece53c8ae1) Importer(2089858483,192608db42251d675da83286b1cce702) (ScriptedImporter) -> (artifact id: '1927a845fb722e3741c99ad2e18adda4') in 0.0222364 seconds
Number of updated asset objects reloaded before import = 0Number of asset objects unloaded after import = 23

========================================================================
Received Import Request.
  Time since last request: 0.000016 seconds.
  path: Assets/Assets-Importe/Fries and Seagull/City 03/Models/Sunshade 1.fbx
  artifactKey: Guid(50a32c9145f94fb4da22c5e4db25f64a) Importer(2089858483,192608db42251d675da83286b1cce702)
Start importing Assets/Assets-Importe/Fries and Seagull/City 03/Models/Sunshade 1.fbx using Guid(50a32c9145f94fb4da22c5e4db25f64a) Importer(2089858483,192608db42251d675da83286b1cce702) (ScriptedImporter) -> (artifact id: 'fb557a7fa166c2b1a351e93dda16cf58') in 0.0300685 seconds
Number of updated asset objects reloaded before import = 0Number of asset objects unloaded after import = 10

========================================================================
Received Import Request.
  Time since last request: 0.000066 seconds.
  path: Assets/Assets-Importe/Trees Package Lite/Meshes/rock_snowy_009.fbx
  artifactKey: Guid(7bdf08c0b8421a14eae9b4e71d3e2f3f) Importer(2089858483,192608db42251d675da83286b1cce702)
Start importing Assets/Assets-Importe/Trees Package Lite/Meshes/rock_snowy_009.fbx using Guid(7bdf08c0b8421a14eae9b4e71d3e2f3f) Importer(2089858483,192608db42251d675da83286b1cce702) (ScriptedImporter) -> (artifact id: '287bdb2fd9a9794fd3b0de35c55bed20') in 0.0287422 seconds
Number of updated asset objects reloaded before import = 0Number of asset objects unloaded after import = 8

========================================================================
Received Import Request.
  Time since last request: 0.000052 seconds.
  path: Assets/Assets-Importe/Kevin Iglesias/Human Animations/Animations/Male/Movement/Walk/RootMotion/HumanM@Walk01_Forward [RM].fbx
  artifactKey: Guid(9259db9271971e54ab8991d4aa53aae2) Importer(2089858483,192608db42251d675da83286b1cce702)
Start importing Assets/Assets-Importe/Kevin Iglesias/Human Animations/Animations/Male/Movement/Walk/RootMotion/HumanM@Walk01_Forward [RM].fbx using Guid(9259db9271971e54ab8991d4aa53aae2) Importer(2089858483,192608db42251d675da83286b1cce702) (ScriptedImporter) -> (artifact id: '6f780111be6366f5847d3d886bafe1cf') in 0.0344423 seconds
Number of updated asset objects reloaded before import = 0Number of asset objects unloaded after import = 120

========================================================================
Received Import Request.
  Time since last request: 0.000021 seconds.
  path: Assets/Assets-Importe/Fries and Seagull/City 03/Models/Signage 5.fbx
  artifactKey: Guid(0feec73259d65a94cafb7ebadad9dfc9) Importer(2089858483,192608db42251d675da83286b1cce702)
Start importing Assets/Assets-Importe/Fries and Seagull/City 03/Models/Signage 5.fbx using Guid(0feec73259d65a94cafb7ebadad9dfc9) Importer(2089858483,192608db42251d675da83286b1cce702) (ScriptedImporter) -> (artifact id: '57a8db4aea667aeac63dc6d789262210') in 0.0283645 seconds
Number of updated asset objects reloaded before import = 0Number of asset objects unloaded after import = 10

========================================================================
Received Import Request.
  Time since last request: 0.000023 seconds.
  path: Assets/Assets-Importe/Fries and Seagull/City 03/Models/Virtual Roundabout Sign.fbx
  artifactKey: Guid(c6c49fd2a6a81a44ebf20836f0de9128) Importer(2089858483,192608db42251d675da83286b1cce702)
Start importing Assets/Assets-Importe/Fries and Seagull/City 03/Models/Virtual Roundabout Sign.fbx using Guid(c6c49fd2a6a81a44ebf20836f0de9128) Importer(2089858483,192608db42251d675da83286b1cce702) (ScriptedImporter) -> (artifact id: 'e635a097ef00c73686e92f76ed786f1e') in 0.023599 seconds
Number of updated asset objects reloaded before import = 0Number of asset objects unloaded after import = 7

========================================================================
Received Import Request.
  Time since last request: 0.000051 seconds.
  path: Assets/Assets-Importe/Fries and Seagull/City 03/Prefabs/Road Signs/Signage 1.prefab
  artifactKey: Guid(bf23ddc16a577cc408105872661ce9a8) Importer(2089858483,192608db42251d675da83286b1cce702)
Start importing Assets/Assets-Importe/Fries and Seagull/City 03/Prefabs/Road Signs/Signage 1.prefab using Guid(bf23ddc16a577cc408105872661ce9a8) Importer(2089858483,192608db42251d675da83286b1cce702) (ScriptedImporter) -> (artifact id: '2b8d95040beed527340d543dac72c306') in 0.0233407 seconds
Number of updated asset objects reloaded before import = 0Number of asset objects unloaded after import = 20

========================================================================
Received Import Request.
  Time since last request: 0.000026 seconds.
  path: Assets/Assets-Importe/Fries and Seagull/City 03/Models/Public Chair.fbx
  artifactKey: Guid(46bcbb326127815459c910eb0b83f59a) Importer(2089858483,192608db42251d675da83286b1cce702)
Start importing Assets/Assets-Importe/Fries and Seagull/City 03/Models/Public Chair.fbx using Guid(46bcbb326127815459c910eb0b83f59a) Importer(2089858483,192608db42251d675da83286b1cce702) (ScriptedImporter) -> (artifact id: 'b36be757047bbf15217c9f37064a36ae') in 0.0501024 seconds
Number of updated asset objects reloaded before import = 0Number of asset objects unloaded after import = 10

========================================================================
Received Import Request.
  Time since last request: 0.000027 seconds.
  path: Assets/Assets-Importe/Kevin Iglesias/Human Animations/Animations/Female/Movement/Walk/HumanF@Walk01_Backward.fbx
  artifactKey: Guid(5694ab536c5e48a45873f22b86e57688) Importer(2089858483,192608db42251d675da83286b1cce702)
Start importing Assets/Assets-Importe/Kevin Iglesias/Human Animations/Animations/Female/Movement/Walk/HumanF@Walk01_Backward.fbx using Guid(5694ab536c5e48a45873f22b86e57688) Importer(2089858483,192608db42251d675da83286b1cce702) (ScriptedImporter) -> (artifact id: 'ae66b5c8694a24e3b43768025b5b14c6') in 0.041001 seconds
Number of updated asset objects reloaded before import = 0Number of asset objects unloaded after import = 120

========================================================================
Received Import Request.
  Time since last request: 0.000027 seconds.
  path: Assets/Assets-Importe/Fries and Seagull/City 03/Models/Iron Ladder.fbx
  artifactKey: Guid(a282b243efe1e5d4fb53afaed744366c) Importer(2089858483,192608db42251d675da83286b1cce702)
Start importing Assets/Assets-Importe/Fries and Seagull/City 03/Models/Iron Ladder.fbx using Guid(a282b243efe1e5d4fb53afaed744366c) Importer(2089858483,192608db42251d675da83286b1cce702) (ScriptedImporter) -> (artifact id: '4e9095fa9a007a89401bbf94b650706a') in 0.0308153 seconds
Number of updated asset objects reloaded before import = 0Number of asset objects unloaded after import = 8

========================================================================
Received Import Request.
  Time since last request: 0.000021 seconds.
  path: Assets/Assets-Importe/Fries and Seagull/City 03/Models/Trash Can 4.fbx
  artifactKey: Guid(b57a58e241c9a304ea40d723283c28fc) Importer(2089858483,192608db42251d675da83286b1cce702)
Start importing Assets/Assets-Importe/Fries and Seagull/City 03/Models/Trash Can 4.fbx using Guid(b57a58e241c9a304ea40d723283c28fc) Importer(2089858483,192608db42251d675da83286b1cce702) (ScriptedImporter) -> (artifact id: '9de27b93aa066af1edd1914a766de36c') in 0.0374507 seconds
Number of updated asset objects reloaded before import = 0Number of asset objects unloaded after import = 9

========================================================================
Received Import Request.
  Time since last request: 0.000023 seconds.
  path: Assets/Assets-Importe/Fries and Seagull/City 03/Models/Manhole Covers 1.fbx
  artifactKey: Guid(5fc35af2190f8ab439a39253953e0ad2) Importer(2089858483,192608db42251d675da83286b1cce702)
Start importing Assets/Assets-Importe/Fries and Seagull/City 03/Models/Manhole Covers 1.fbx using Guid(5fc35af2190f8ab439a39253953e0ad2) Importer(2089858483,192608db42251d675da83286b1cce702) (ScriptedImporter) -> (artifact id: '38197530a3832467c4acadf950be9273') in 0.0338271 seconds
Number of updated asset objects reloaded before import = 0Number of asset objects unloaded after import = 10

========================================================================
Received Import Request.
  Time since last request: 0.000035 seconds.
  path: Assets/Assets-Importe/Fries and Seagull/City 03/Models/Box 2.fbx
  artifactKey: Guid(29388931ff48f1d449e07e2613a78b7b) Importer(2089858483,192608db42251d675da83286b1cce702)
Start importing Assets/Assets-Importe/Fries and Seagull/City 03/Models/Box 2.fbx using Guid(29388931ff48f1d449e07e2613a78b7b) Importer(2089858483,192608db42251d675da83286b1cce702) (ScriptedImporter) -> (artifact id: 'ef0116f76eabd0c62f6dce5a5b9a1e6f') in 0.0352876 seconds
Number of updated asset objects reloaded before import = 0Number of asset objects unloaded after import = 11

========================================================================
Received Import Request.
  Time since last request: 0.000019 seconds.
  path: Assets/Assets-Importe/Fries and Seagull/City 03/Prefabs/Fence/Road Fence 2.prefab
  artifactKey: Guid(a09e4b73688523d49bf8128d9f12766b) Importer(2089858483,192608db42251d675da83286b1cce702)
Start importing Assets/Assets-Importe/Fries and Seagull/City 03/Prefabs/Fence/Road Fence 2.prefab using Guid(a09e4b73688523d49bf8128d9f12766b) Importer(2089858483,192608db42251d675da83286b1cce702) (ScriptedImporter) -> (artifact id: '9daf79fb00799ecbb49cc2e32df25133') in 0.0211824 seconds
Number of updated asset objects reloaded before import = 0Number of asset objects unloaded after import = 17

========================================================================
Received Import Request.
  Time since last request: 0.000022 seconds.
  path: Assets/Assets-Importe/Kevin Iglesias/Human Animations/Materials/HumanAnimations_Dummy-Orange.mat
  artifactKey: Guid(df81ddc38bae7e945a835735059fe898) Importer(2089858483,192608db42251d675da83286b1cce702)
Start importing Assets/Assets-Importe/Kevin Iglesias/Human Animations/Materials/HumanAnimations_Dummy-Orange.mat using Guid(df81ddc38bae7e945a835735059fe898) Importer(2089858483,192608db42251d675da83286b1cce702) (ScriptedImporter) -> (artifact id: '3c039b7c90798a317e7a93d9d5c65754') in 0.0671912 seconds
Number of updated asset objects reloaded before import = 0Number of asset objects unloaded after import = 2

========================================================================
Received Import Request.
  Time since last request: 0.000031 seconds.
  path: Assets/Assets-Importe/Trees Package Lite/Scenes/Demo.unity
  artifactKey: Guid(c2ecaad3a7a3e5141a884f865024904f) Importer(2089858483,192608db42251d675da83286b1cce702)
Start importing Assets/Assets-Importe/Trees Package Lite/Scenes/Demo.unity using Guid(c2ecaad3a7a3e5141a884f865024904f) Importer(2089858483,192608db42251d675da83286b1cce702) (ScriptedImporter) -> (artifact id: '37c4d648a7fb8fc7144e74376b62829b') in 0.0102824 seconds
Number of updated asset objects reloaded before import = 0Number of asset objects unloaded after import = 1

========================================================================
Received Import Request.
  Time since last request: 0.000016 seconds.
  path: Assets/Assets-Importe/Fries and Seagull/City 03/Prefabs/Vehicles/Red Car.prefab
  artifactKey: Guid(abd1fda3d06e8d04f89816d9b58dc9e6) Importer(2089858483,192608db42251d675da83286b1cce702)
Start importing Assets/Assets-Importe/Fries and Seagull/City 03/Prefabs/Vehicles/Red Car.prefab using Guid(abd1fda3d06e8d04f89816d9b58dc9e6) Importer(2089858483,192608db42251d675da83286b1cce702) (ScriptedImporter) -> (artifact id: '3c706e56bad96a318b79a984c5d917e4') in 0.0215261 seconds
Number of updated asset objects reloaded before import = 0Number of asset objects unloaded after import = 28

========================================================================
Received Import Request.
  Time since last request: 0.000019 seconds.
  path: Assets/Assets-Importe/Fries and Seagull/City 03/Models/Wooden Bench 1.fbx
  artifactKey: Guid(8a5f06c04939be548b41cf1a9e89ef14) Importer(2089858483,192608db42251d675da83286b1cce702)
Start importing Assets/Assets-Importe/Fries and Seagull/City 03/Models/Wooden Bench 1.fbx using Guid(8a5f06c04939be548b41cf1a9e89ef14) Importer(2089858483,192608db42251d675da83286b1cce702) (ScriptedImporter) -> (artifact id: '88ea1633b9c8beb263e8f5a7a53519e5') in 0.0282314 seconds
Number of updated asset objects reloaded before import = 0Number of asset objects unloaded after import = 9

========================================================================
Received Import Request.
  Time since last request: 0.000026 seconds.
  path: Assets/Assets-Importe/Fries and Seagull/City 03/Prefabs/Barrier/Barrier 1.prefab
  artifactKey: Guid(8c4bcba1627b19049b617c867b2c98e8) Importer(2089858483,192608db42251d675da83286b1cce702)
Start importing Assets/Assets-Importe/Fries and Seagull/City 03/Prefabs/Barrier/Barrier 1.prefab using Guid(8c4bcba1627b19049b617c867b2c98e8) Importer(2089858483,192608db42251d675da83286b1cce702) (ScriptedImporter) -> (artifact id: '2caaad2cd568f1d61b8183fb4334e52b') in 0.0190742 seconds
Number of updated asset objects reloaded before import = 0Number of asset objects unloaded after import = 20

========================================================================
Received Import Request.
  Time since last request: 0.000034 seconds.
  path: Assets/Assets-Importe/Trees Package Lite/Meshes/stump_snowy_008.fbx
  artifactKey: Guid(75d7de245f274e747b9e9cbca10767fb) Importer(2089858483,192608db42251d675da83286b1cce702)
Start importing Assets/Assets-Importe/Trees Package Lite/Meshes/stump_snowy_008.fbx using Guid(75d7de245f274e747b9e9cbca10767fb) Importer(2089858483,192608db42251d675da83286b1cce702) (ScriptedImporter) -> (artifact id: '0a87459a5a28d7e71582687e579189ed') in 0.0304498 seconds
Number of updated asset objects reloaded before import = 0Number of asset objects unloaded after import = 8

========================================================================
Received Import Request.
  Time since last request: 0.000018 seconds.
  path: Assets/Assets-Importe/Kevin Iglesias/Human Animations/Unity Demo Scenes/Human Basic Motions/AnimatorControllers/HumanM@Fall01.controller
  artifactKey: Guid(f6a7e0442553cad4ca39c8df29411dc7) Importer(2089858483,192608db42251d675da83286b1cce702)
Start importing Assets/Assets-Importe/Kevin Iglesias/Human Animations/Unity Demo Scenes/Human Basic Motions/AnimatorControllers/HumanM@Fall01.controller using Guid(f6a7e0442553cad4ca39c8df29411dc7) Importer(2089858483,192608db42251d675da83286b1cce702) (ScriptedImporter) -> (artifact id: '67231d718f60ba28ee62b107140371d7') in 0.0113771 seconds
Number of updated asset objects reloaded before import = 0Number of asset objects unloaded after import = 4

========================================================================
Received Import Request.
  Time since last request: 0.000029 seconds.
  path: Assets/Assets-Importe/Dnk_Dev/Brick_Fence/Textures/T_Brick_BigGate_02.TGA
  artifactKey: Guid(0a30883441f68bc4592e96e3ecd9c0d2) Importer(2089858483,192608db42251d675da83286b1cce702)
Start importing Assets/Assets-Importe/Dnk_Dev/Brick_Fence/Textures/T_Brick_BigGate_02.TGA using Guid(0a30883441f68bc4592e96e3ecd9c0d2) Importer(2089858483,192608db42251d675da83286b1cce702) (ScriptedImporter) -> (artifact id: 'e27d28ace5bd6f5b214d7222ce9188bc') in 0.0480698 seconds
Number of updated asset objects reloaded before import = 0Number of asset objects unloaded after import = 1

========================================================================
Received Import Request.
  Time since last request: 0.000029 seconds.
  path: Assets/Assets-Importe/Fries and Seagull/City 03/Prefabs/Barrier/Small Barrier.prefab
  artifactKey: Guid(e62fd9a12fab29f4db9056721ad539ab) Importer(2089858483,192608db42251d675da83286b1cce702)
Start importing Assets/Assets-Importe/Fries and Seagull/City 03/Prefabs/Barrier/Small Barrier.prefab using Guid(e62fd9a12fab29f4db9056721ad539ab) Importer(2089858483,192608db42251d675da83286b1cce702) (ScriptedImporter) -> (artifact id: '2866e8bf489be4d8ae325ebf7c560f95') in 0.0169371 seconds
Number of updated asset objects reloaded before import = 0Number of asset objects unloaded after import = 18

========================================================================
Received Import Request.
  Time since last request: 0.000018 seconds.
  path: Assets/Assets-Importe/Fries and Seagull/City 03/Models/Escalator.fbx
  artifactKey: Guid(b4eb7ec3791f2b34b938c6b6167fa7a8) Importer(2089858483,192608db42251d675da83286b1cce702)
Start importing Assets/Assets-Importe/Fries and Seagull/City 03/Models/Escalator.fbx using Guid(b4eb7ec3791f2b34b938c6b6167fa7a8) Importer(2089858483,192608db42251d675da83286b1cce702) (ScriptedImporter) -> (artifact id: 'b506a1c4d12b24db4e5fd1e502d40b80') in 0.0395592 seconds
Number of updated asset objects reloaded before import = 0Number of asset objects unloaded after import = 13

========================================================================
Received Import Request.
  Time since last request: 0.000022 seconds.
  path: Assets/Assets-Importe/Kevin Iglesias/Human Animations/Animations/Female/Movement/Run/RootMotion/HumanF@Run01_Left [RM].fbx
  artifactKey: Guid(f76f0d054afdd5845a03ab8eea5b79b5) Importer(2089858483,192608db42251d675da83286b1cce702)
Start importing Assets/Assets-Importe/Kevin Iglesias/Human Animations/Animations/Female/Movement/Run/RootMotion/HumanF@Run01_Left [RM].fbx using Guid(f76f0d054afdd5845a03ab8eea5b79b5) Importer(2089858483,192608db42251d675da83286b1cce702) (ScriptedImporter) -> (artifact id: '050f17b3b2292d9063f7614eb8d40608') in 0.0427264 seconds
Number of updated asset objects reloaded before import = 0Number of asset objects unloaded after import = 120

========================================================================
Received Import Request.
  Time since last request: 0.000035 seconds.
  path: Assets/Assets-Importe/Trees Package Lite/Prefabs/bush_02.prefab
  artifactKey: Guid(d3c22f15c09d557428dfa0ccb6ae8f35) Importer(2089858483,192608db42251d675da83286b1cce702)
Start importing Assets/Assets-Importe/Trees Package Lite/Prefabs/bush_02.prefab using Guid(d3c22f15c09d557428dfa0ccb6ae8f35) Importer(2089858483,192608db42251d675da83286b1cce702) (ScriptedImporter) -> (artifact id: '24322289af8616c05c00815598593c25') in 0.0163095 seconds
Number of updated asset objects reloaded before import = 0Number of asset objects unloaded after import = 14

========================================================================
Received Import Request.
  Time since last request: 0.000024 seconds.
  path: Assets/Assets-Importe/Kevin Iglesias/Human Animations/Animations/Male/Movement/Jump/HumanM@Jump01.fbx
  artifactKey: Guid(2035f8d45874b4e47a2c15ea2fa026fb) Importer(2089858483,192608db42251d675da83286b1cce702)
Start importing Assets/Assets-Importe/Kevin Iglesias/Human Animations/Animations/Male/Movement/Jump/HumanM@Jump01.fbx using Guid(2035f8d45874b4e47a2c15ea2fa026fb) Importer(2089858483,192608db42251d675da83286b1cce702) (ScriptedImporter) -> (artifact id: 'dea070604289ff82372bf7fa0da146ca') in 0.0353844 seconds
Number of updated asset objects reloaded before import = 0Number of asset objects unloaded after import = 120

========================================================================
Received Import Request.
  Time since last request: 0.000021 seconds.
  path: Assets/Assets-Importe/Kevin Iglesias/Human Animations/Unity Demo Scenes/Human Basic Motions/AnimatorControllers/HumanM@Run01_Backward.controller
  artifactKey: Guid(ca6e6e7474b077e48b5bba70014d57ad) Importer(2089858483,192608db42251d675da83286b1cce702)
Start importing Assets/Assets-Importe/Kevin Iglesias/Human Animations/Unity Demo Scenes/Human Basic Motions/AnimatorControllers/HumanM@Run01_Backward.controller using Guid(ca6e6e7474b077e48b5bba70014d57ad) Importer(2089858483,192608db42251d675da83286b1cce702) (ScriptedImporter) -> (artifact id: '5065732df071d89f7a9145d501808a14') in 0.0164502 seconds
Number of updated asset objects reloaded before import = 0Number of asset objects unloaded after import = 4

========================================================================
Received Import Request.
  Time since last request: 0.000035 seconds.
  path: Assets/Assets-Importe/Kevin Iglesias/Human Animations/Animations/Female/Movement/Walk/RootMotion/HumanF@Walk01_ForwardRight [RM].fbx
  artifactKey: Guid(abf537a4b09f6af4ebaa70cbfbbb3353) Importer(2089858483,192608db42251d675da83286b1cce702)
Start importing Assets/Assets-Importe/Kevin Iglesias/Human Animations/Animations/Female/Movement/Walk/RootMotion/HumanF@Walk01_ForwardRight [RM].fbx using Guid(abf537a4b09f6af4ebaa70cbfbbb3353) Importer(2089858483,192608db42251d675da83286b1cce702) (ScriptedImporter) -> (artifact id: '14cc5b06bea7370ca8ccab7000a0cfa6') in 0.0329102 seconds
Number of updated asset objects reloaded before import = 0Number of asset objects unloaded after import = 120

========================================================================
Received Import Request.
  Time since last request: 0.000019 seconds.
  path: Assets/Assets-Importe/Kevin Iglesias/Human Animations/Animations/Female/Movement/Run/HumanF@Run01_BackwardLeft.fbx
  artifactKey: Guid(1f15e0650d22c9d48befae3bb44bc43d) Importer(2089858483,192608db42251d675da83286b1cce702)
Start importing Assets/Assets-Importe/Kevin Iglesias/Human Animations/Animations/Female/Movement/Run/HumanF@Run01_BackwardLeft.fbx using Guid(1f15e0650d22c9d48befae3bb44bc43d) Importer(2089858483,192608db42251d675da83286b1cce702) (ScriptedImporter) -> (artifact id: 'd5ea302961421767d0bf3841203bdb81') in 0.029133 seconds
Number of updated asset objects reloaded before import = 0Number of asset objects unloaded after import = 120

========================================================================
Received Import Request.
  Time since last request: 0.000021 seconds.
  path: Assets/Assets-Importe/Kevin Iglesias/Human Animations/Models/Avatar Masks/Arms/Human Arms Mask.mask
  artifactKey: Guid(a6373b7536cc6fd4485ebc59e60dc4cc) Importer(2089858483,192608db42251d675da83286b1cce702)
Start importing Assets/Assets-Importe/Kevin Iglesias/Human Animations/Models/Avatar Masks/Arms/Human Arms Mask.mask using Guid(a6373b7536cc6fd4485ebc59e60dc4cc) Importer(2089858483,192608db42251d675da83286b1cce702) (ScriptedImporter) -> (artifact id: 'f97d4e46b75dcda644cb7d00e2737e48') in 0.0137498 seconds
Number of updated asset objects reloaded before import = 0Number of asset objects unloaded after import = 1

========================================================================
Received Import Request.
  Time since last request: 0.000036 seconds.
  path: Assets/Assets-Importe/Kevin Iglesias/Human Animations/Models/Avatar Masks/Human Body Full Mask.mask
  artifactKey: Guid(89527f5525238ee44b3182458d85143a) Importer(2089858483,192608db42251d675da83286b1cce702)
Start importing Assets/Assets-Importe/Kevin Iglesias/Human Animations/Models/Avatar Masks/Human Body Full Mask.mask using Guid(89527f5525238ee44b3182458d85143a) Importer(2089858483,192608db42251d675da83286b1cce702) (ScriptedImporter) -> (artifact id: '3341ab75e3be05e31130aea325508731') in 0.012255 seconds
Number of updated asset objects reloaded before import = 0Number of asset objects unloaded after import = 1

========================================================================
Received Import Request.
  Time since last request: 0.000056 seconds.
  path: Assets/Assets-Importe/Trees Package Lite/Prefabs/pine_tree_1_fall_001.prefab
  artifactKey: Guid(683bacc4d3c02ff4897779f9c7e08ece) Importer(2089858483,192608db42251d675da83286b1cce702)
Start importing Assets/Assets-Importe/Trees Package Lite/Prefabs/pine_tree_1_fall_001.prefab using Guid(683bacc4d3c02ff4897779f9c7e08ece) Importer(2089858483,192608db42251d675da83286b1cce702) (ScriptedImporter) -> (artifact id: 'f68f5ee325a2cbaccbae66e83a2fbff7') in 0.0188356 seconds
Number of updated asset objects reloaded before import = 0Number of asset objects unloaded after import = 14

========================================================================
Received Import Request.
  Time since last request: 0.000023 seconds.
  path: Assets/Assets-Importe/Fries and Seagull/City 03/Models/Small Road Sign.fbx
  artifactKey: Guid(1f19af857efaafa45b444fd20f6a4fbb) Importer(2089858483,192608db42251d675da83286b1cce702)
Start importing Assets/Assets-Importe/Fries and Seagull/City 03/Models/Small Road Sign.fbx using Guid(1f19af857efaafa45b444fd20f6a4fbb) Importer(2089858483,192608db42251d675da83286b1cce702) (ScriptedImporter) -> (artifact id: 'a670ef0bb0b3ab885c5caf6724d1badf') in 0.0334434 seconds
Number of updated asset objects reloaded before import = 0Number of asset objects unloaded after import = 9

========================================================================
Received Import Request.
  Time since last request: 0.000033 seconds.
  path: Assets/Assets-Importe/Kevin Iglesias/Human Animations/Unity Demo Scenes/Human Basic Motions/AnimatorControllers/HumanM@Turn01_Left [RM].controller
  artifactKey: Guid(f336e8e5a2d27c34f943defd29bbaee3) Importer(2089858483,192608db42251d675da83286b1cce702)
Start importing Assets/Assets-Importe/Kevin Iglesias/Human Animations/Unity Demo Scenes/Human Basic Motions/AnimatorControllers/HumanM@Turn01_Left [RM].controller using Guid(f336e8e5a2d27c34f943defd29bbaee3) Importer(2089858483,192608db42251d675da83286b1cce702) (ScriptedImporter) -> (artifact id: '9cc1caa61f1aca5ce55a7c445c3791e0') in 0.0195047 seconds
Number of updated asset objects reloaded before import = 0Number of asset objects unloaded after import = 4

========================================================================
Received Import Request.
  Time since last request: 0.000020 seconds.
  path: Assets/Assets-Importe/Fries and Seagull/City 03/Models/Ground Markings 4.fbx
  artifactKey: Guid(fdbac9066c0e6a34287d8cce823f9dd7) Importer(2089858483,192608db42251d675da83286b1cce702)
Start importing Assets/Assets-Importe/Fries and Seagull/City 03/Models/Ground Markings 4.fbx using Guid(fdbac9066c0e6a34287d8cce823f9dd7) Importer(2089858483,192608db42251d675da83286b1cce702) (ScriptedImporter) -> (artifact id: '37b12ceb4a684b6fdebf35df08ccad24') in 0.0285716 seconds
Number of updated asset objects reloaded before import = 0Number of asset objects unloaded after import = 7

========================================================================
Received Import Request.
  Time since last request: 0.000022 seconds.
  path: Assets/Assets-Importe/Trees Package Lite/Meshes/oak_tree.fbx
  artifactKey: Guid(f5e0e006ddc6aad41ac237874e69a776) Importer(2089858483,192608db42251d675da83286b1cce702)
Start importing Assets/Assets-Importe/Trees Package Lite/Meshes/oak_tree.fbx using Guid(f5e0e006ddc6aad41ac237874e69a776) Importer(2089858483,192608db42251d675da83286b1cce702) (ScriptedImporter) -> (artifact id: '5c227397148a7c4ed325e8bc3bbddfb4') in 0.0304746 seconds
Number of updated asset objects reloaded before import = 0Number of asset objects unloaded after import = 8

========================================================================
Received Import Request.
  Time since last request: 0.000033 seconds.
  path: Assets/Assets-Importe/Trees Package Lite/Meshes/dragon_tree.fbx
  artifactKey: Guid(b0671ce535ec2d74f8113e5b682e96e8) Importer(2089858483,192608db42251d675da83286b1cce702)
Start importing Assets/Assets-Importe/Trees Package Lite/Meshes/dragon_tree.fbx using Guid(b0671ce535ec2d74f8113e5b682e96e8) Importer(2089858483,192608db42251d675da83286b1cce702) (ScriptedImporter) -> (artifact id: '2f55f9640ce0f8367de4dfaabee4317b') in 0.0304779 seconds
Number of updated asset objects reloaded before import = 0Number of asset objects unloaded after import = 8

========================================================================
Received Import Request.
  Time since last request: 0.000026 seconds.
  path: Assets/Assets-Importe/Kevin Iglesias/Human Animations/Animations/Masked Poses/Human@ObjectGripHands01.fbx
  artifactKey: Guid(a92ad04671c1e2c42ab2feb0e9ac684c) Importer(2089858483,192608db42251d675da83286b1cce702)
Start importing Assets/Assets-Importe/Kevin Iglesias/Human Animations/Animations/Masked Poses/Human@ObjectGripHands01.fbx using Guid(a92ad04671c1e2c42ab2feb0e9ac684c) Importer(2089858483,192608db42251d675da83286b1cce702) (ScriptedImporter) -> (artifact id: 'e9aaa8729612cb8570b1826ba0a398fa') in 0.0288419 seconds
Number of updated asset objects reloaded before import = 0Number of asset objects unloaded after import = 120

========================================================================
Received Import Request.
  Time since last request: 0.000020 seconds.
  path: Assets/Assets-Importe/Fries and Seagull/City 03/Models/Signage 2.fbx
  artifactKey: Guid(a10a6b661abfaeb4088916a2e2579a74) Importer(2089858483,192608db42251d675da83286b1cce702)
Start importing Assets/Assets-Importe/Fries and Seagull/City 03/Models/Signage 2.fbx using Guid(a10a6b661abfaeb4088916a2e2579a74) Importer(2089858483,192608db42251d675da83286b1cce702) (ScriptedImporter) -> (artifact id: 'a8bea51e9f11ad233ffc7a01afd9f28c') in 0.0271723 seconds
Number of updated asset objects reloaded before import = 0Number of asset objects unloaded after import = 10

========================================================================
Received Import Request.
  Time since last request: 0.000033 seconds.
  path: Assets/Assets-Importe/Kevin Iglesias/Human Animations/Models/Avatar Masks/Human Body Upper Mask.mask
  artifactKey: Guid(142a22760aae7114f82e9cfc781709d0) Importer(2089858483,192608db42251d675da83286b1cce702)
Start importing Assets/Assets-Importe/Kevin Iglesias/Human Animations/Models/Avatar Masks/Human Body Upper Mask.mask using Guid(142a22760aae7114f82e9cfc781709d0) Importer(2089858483,192608db42251d675da83286b1cce702) (ScriptedImporter) -> (artifact id: 'd7a32fa5f52756272da616971ec44781') in 0.0101974 seconds
Number of updated asset objects reloaded before import = 0Number of asset objects unloaded after import = 1

========================================================================
Received Import Request.
  Time since last request: 0.000017 seconds.
  path: Assets/Assets-Importe/Trees Package Lite/Prefabs/tree_2.prefab
  artifactKey: Guid(a2d3963617f9b154bb6f9cae110ae6a5) Importer(2089858483,192608db42251d675da83286b1cce702)
Start importing Assets/Assets-Importe/Trees Package Lite/Prefabs/tree_2.prefab using Guid(a2d3963617f9b154bb6f9cae110ae6a5) Importer(2089858483,192608db42251d675da83286b1cce702) (ScriptedImporter) -> (artifact id: '7740721af0c2098e88bcb7085dd86b53') in 0.0169396 seconds
Number of updated asset objects reloaded before import = 0Number of asset objects unloaded after import = 14

========================================================================
Received Import Request.
  Time since last request: 0.000026 seconds.
  path: Assets/Assets-Importe/Fries and Seagull/City 03/Prefabs/Building/Building 3.prefab
  artifactKey: Guid(5530de6633c8d5a4f833b3ae3f5d7984) Importer(2089858483,192608db42251d675da83286b1cce702)
Start importing Assets/Assets-Importe/Fries and Seagull/City 03/Prefabs/Building/Building 3.prefab using Guid(5530de6633c8d5a4f833b3ae3f5d7984) Importer(2089858483,192608db42251d675da83286b1cce702) (ScriptedImporter) -> (artifact id: 'c2b8afa7b6426e751cd748467e776dd0') in 0.0307334 seconds
Number of updated asset objects reloaded before import = 0Number of asset objects unloaded after import = 55

========================================================================
Received Import Request.
  Time since last request: 0.000026 seconds.
  path: Assets/Assets-Importe/Fries and Seagull/City 03/Models/Ground Markings 7.fbx
  artifactKey: Guid(35fb679641d4d554bb4a297645fd88f7) Importer(2089858483,192608db42251d675da83286b1cce702)
Start importing Assets/Assets-Importe/Fries and Seagull/City 03/Models/Ground Markings 7.fbx using Guid(35fb679641d4d554bb4a297645fd88f7) Importer(2089858483,192608db42251d675da83286b1cce702) (ScriptedImporter) -> (artifact id: '32a182adf876c5aa25e15a0b6ba4e9bc') in 0.0273137 seconds
Number of updated asset objects reloaded before import = 0Number of asset objects unloaded after import = 7

========================================================================
Received Import Request.
  Time since last request: 0.000034 seconds.
  path: Assets/Assets-Importe/Fries and Seagull/City 03/Models/Bus.fbx
  artifactKey: Guid(db1b89a6fcf506c40868c0d37bd75fa5) Importer(2089858483,192608db42251d675da83286b1cce702)
Start importing Assets/Assets-Importe/Fries and Seagull/City 03/Models/Bus.fbx using Guid(db1b89a6fcf506c40868c0d37bd75fa5) Importer(2089858483,192608db42251d675da83286b1cce702) (ScriptedImporter) -> (artifact id: '8cf66aa03793182ed802325b0681aea0') in 0.0469846 seconds
Number of updated asset objects reloaded before import = 0Number of asset objects unloaded after import = 17

========================================================================
Received Import Request.
  Time since last request: 0.000018 seconds.
  path: Assets/Assets-Importe/Fries and Seagull/City 03/Prefabs/Public Utility/Public Table.prefab
  artifactKey: Guid(46d03db63e0389d40957296e65abacc9) Importer(2089858483,192608db42251d675da83286b1cce702)
Start importing Assets/Assets-Importe/Fries and Seagull/City 03/Prefabs/Public Utility/Public Table.prefab using Guid(46d03db63e0389d40957296e65abacc9) Importer(2089858483,192608db42251d675da83286b1cce702) (ScriptedImporter) -> (artifact id: '6b5e818ba173eda4178e888f38354653') in 0.0268518 seconds
Number of updated asset objects reloaded before import = 0Number of asset objects unloaded after import = 18

========================================================================
Received Import Request.
  Time since last request: 0.000023 seconds.
  path: Assets/Assets-Importe/Trees Package Lite/Meshes/coconut_tree_2_fall_001.fbx
  artifactKey: Guid(5bf0da86a1a47c14cb0608437270538a) Importer(2089858483,192608db42251d675da83286b1cce702)
Start importing Assets/Assets-Importe/Trees Package Lite/Meshes/coconut_tree_2_fall_001.fbx using Guid(5bf0da86a1a47c14cb0608437270538a) Importer(2089858483,192608db42251d675da83286b1cce702) (ScriptedImporter) -> (artifact id: 'fd26ea51e5701a9912698f3fca1323c7') in 0.0259189 seconds
Number of updated asset objects reloaded before import = 0Number of asset objects unloaded after import = 8

========================================================================
Received Import Request.
  Time since last request: 0.000029 seconds.
  path: Assets/Assets-Importe/Fries and Seagull/City 03/Scene Props/Scripts/Setup/FriesPostProcessorIdentifier.cs
  artifactKey: Guid(14c13565c4a1f064abef939221176e47) Importer(2089858483,192608db42251d675da83286b1cce702)
Start importing Assets/Assets-Importe/Fries and Seagull/City 03/Scene Props/Scripts/Setup/FriesPostProcessorIdentifier.cs using Guid(14c13565c4a1f064abef939221176e47) Importer(2089858483,192608db42251d675da83286b1cce702) (ScriptedImporter) -> (artifact id: 'f1656fdb13174d98b43184ec3c2ae2cc') in 0.0085122 seconds
Number of updated asset objects reloaded before import = 0Number of asset objects unloaded after import = 0

========================================================================
Received Import Request.
  Time since last request: 0.000017 seconds.
  path: Assets/Assets-Importe/Kevin Iglesias/Human Animations/Animations/Female/Movement/Run/HumanF@Run01_BackwardRight.fbx
  artifactKey: Guid(1067eff693e77f143bc9982fef2aa0a1) Importer(2089858483,192608db42251d675da83286b1cce702)
Start importing Assets/Assets-Importe/Kevin Iglesias/Human Animations/Animations/Female/Movement/Run/HumanF@Run01_BackwardRight.fbx using Guid(1067eff693e77f143bc9982fef2aa0a1) Importer(2089858483,192608db42251d675da83286b1cce702) (ScriptedImporter) -> (artifact id: 'bcff23e7a6b2a8a57aeff53d00a662cb') in 0.0341964 seconds
Number of updated asset objects reloaded before import = 0Number of asset objects unloaded after import = 120

========================================================================
Received Import Request.
  Time since last request: 0.000015 seconds.
  path: Assets/Assets-Importe/Kevin Iglesias/Human Animations/Unity Demo Scenes/Human Basic Motions/Prefabs/Human_BasicMotionsDummy_F.prefab
  artifactKey: Guid(73e24cf6536bfef4b98ccd6eb529a5fd) Importer(2089858483,192608db42251d675da83286b1cce702)
Start importing Assets/Assets-Importe/Kevin Iglesias/Human Animations/Unity Demo Scenes/Human Basic Motions/Prefabs/Human_BasicMotionsDummy_F.prefab using Guid(73e24cf6536bfef4b98ccd6eb529a5fd) Importer(2089858483,192608db42251d675da83286b1cce702) (ScriptedImporter) -> (artifact id: 'c5673c274fa5bf798496210679df13ae') in 0.0265864 seconds
Number of updated asset objects reloaded before import = 0Number of asset objects unloaded after import = 247

========================================================================
Received Import Request.
  Time since last request: 0.000024 seconds.
  path: Assets/Assets-Importe/Kevin Iglesias/Human Animations/Models/HumanM_Model.fbx
  artifactKey: Guid(2faa610713d3b3c439473daa55e8c60a) Importer(2089858483,192608db42251d675da83286b1cce702)
Start importing Assets/Assets-Importe/Kevin Iglesias/Human Animations/Models/HumanM_Model.fbx using Guid(2faa610713d3b3c439473daa55e8c60a) Importer(2089858483,192608db42251d675da83286b1cce702) (ScriptedImporter) -> (artifact id: 'a7f3dcfb2d6474832d875c0d520919e8') in 0.0309864 seconds
Number of updated asset objects reloaded before import = 0Number of asset objects unloaded after import = 124

========================================================================
Received Import Request.
  Time since last request: 0.000030 seconds.
  path: Assets/Assets-Importe/Fries and Seagull/City 03/Prefabs/Building/Building 8.prefab
  artifactKey: Guid(28d4ecd6bbb8cdc47b5f91f4ef9c5b93) Importer(2089858483,192608db42251d675da83286b1cce702)
Start importing Assets/Assets-Importe/Fries and Seagull/City 03/Prefabs/Building/Building 8.prefab using Guid(28d4ecd6bbb8cdc47b5f91f4ef9c5b93) Importer(2089858483,192608db42251d675da83286b1cce702) (ScriptedImporter) -> (artifact id: 'a308ad5c60f02793d863e1ac26113212') in 0.0217359 seconds
Number of updated asset objects reloaded before import = 0Number of asset objects unloaded after import = 42

========================================================================
Received Import Request.
  Time since last request: 0.000022 seconds.
  path: Assets/Assets-Importe/Kevin Iglesias/Human Animations/Unity Demo Scenes/Human Basic Motions/AnimatorControllers/HumanF@Walk01_Backward.controller
  artifactKey: Guid(fa16faf6cef43c7498d6468dc4b1507f) Importer(2089858483,192608db42251d675da83286b1cce702)
Start importing Assets/Assets-Importe/Kevin Iglesias/Human Animations/Unity Demo Scenes/Human Basic Motions/AnimatorControllers/HumanF@Walk01_Backward.controller using Guid(fa16faf6cef43c7498d6468dc4b1507f) Importer(2089858483,192608db42251d675da83286b1cce702) (ScriptedImporter) -> (artifact id: '3990dc65d363e94a96bc53ce12a58597') in 0.0107584 seconds
Number of updated asset objects reloaded before import = 0Number of asset objects unloaded after import = 4

========================================================================
Received Import Request.
  Time since last request: 0.000029 seconds.
  path: Assets/Assets-Importe/Kevin Iglesias/Human Animations/Animations/Male/Movement/Run/RootMotion/HumanM@Run01_ForwardRight [RM].fbx
  artifactKey: Guid(7c23c3776f1ce0248aaa1fa0043581cd) Importer(2089858483,192608db42251d675da83286b1cce702)
Start importing Assets/Assets-Importe/Kevin Iglesias/Human Animations/Animations/Male/Movement/Run/RootMotion/HumanM@Run01_ForwardRight [RM].fbx using Guid(7c23c3776f1ce0248aaa1fa0043581cd) Importer(2089858483,192608db42251d675da83286b1cce702) (ScriptedImporter) -> (artifact id: '03c4ca260c4b6dfe854b1adb5816ea1d') in 0.0408344 seconds
Number of updated asset objects reloaded before import = 0Number of asset objects unloaded after import = 120

========================================================================
Received Import Request.
  Time since last request: 0.000031 seconds.
  path: Assets/Assets-Importe/Trees Package Lite/Meshes/stump_snowy_015.fbx
  artifactKey: Guid(5ede1777eeac1554f978a3efa3950660) Importer(2089858483,192608db42251d675da83286b1cce702)
Start importing Assets/Assets-Importe/Trees Package Lite/Meshes/stump_snowy_015.fbx using Guid(5ede1777eeac1554f978a3efa3950660) Importer(2089858483,192608db42251d675da83286b1cce702) (ScriptedImporter) -> (artifact id: 'f6584168c617961c4a4aeaa865fb4cd2') in 0.0276015 seconds
Number of updated asset objects reloaded before import = 0Number of asset objects unloaded after import = 8

========================================================================
Received Import Request.
  Time since last request: 0.000029 seconds.
  path: Assets/Assets-Importe/Fries and Seagull/City 03/Models/Dumpster 3.fbx
  artifactKey: Guid(b231e3576298f604f8bcca852ce40e90) Importer(2089858483,192608db42251d675da83286b1cce702)
Start importing Assets/Assets-Importe/Fries and Seagull/City 03/Models/Dumpster 3.fbx using Guid(b231e3576298f604f8bcca852ce40e90) Importer(2089858483,192608db42251d675da83286b1cce702) (ScriptedImporter) -> (artifact id: '74afd1ed85834bf9125f04653c04d673') in 0.0316864 seconds
Number of updated asset objects reloaded before import = 0Number of asset objects unloaded after import = 14

========================================================================
Received Import Request.
  Time since last request: 0.000017 seconds.
  path: Assets/Assets-Importe/Trees Package Lite/Prefabs/dragon_tree_fall_001.prefab
  artifactKey: Guid(716863371bda4c24f84a3c34a2fdaa5f) Importer(2089858483,192608db42251d675da83286b1cce702)
Start importing Assets/Assets-Importe/Trees Package Lite/Prefabs/dragon_tree_fall_001.prefab using Guid(716863371bda4c24f84a3c34a2fdaa5f) Importer(2089858483,192608db42251d675da83286b1cce702) (ScriptedImporter) -> (artifact id: '96ded1dd79e3d76d41574ef13dc0e21e') in 0.0194901 seconds
Number of updated asset objects reloaded before import = 0Number of asset objects unloaded after import = 14

========================================================================
Received Import Request.
  Time since last request: 0.000023 seconds.
  path: Assets/Assets-Importe/Fries and Seagull/City 03/Prefabs/Fence/Road Fence 3.prefab
  artifactKey: Guid(30912fc217de250468c366d2c8bc9441) Importer(2089858483,192608db42251d675da83286b1cce702)
Start importing Assets/Assets-Importe/Fries and Seagull/City 03/Prefabs/Fence/Road Fence 3.prefab using Guid(30912fc217de250468c366d2c8bc9441) Importer(2089858483,192608db42251d675da83286b1cce702) (ScriptedImporter) -> (artifact id: '6a8043a6cfb5b524d62672436a641456') in 0.0216141 seconds
Number of updated asset objects reloaded before import = 0Number of asset objects unloaded after import = 17

========================================================================
Received Import Request.
  Time since last request: 0.000019 seconds.
  path: Assets/Assets-Importe/Fries and Seagull/City 03/Models/Fruit Crate.fbx
  artifactKey: Guid(e8a7fdc79fad95c4890853ea0e51bd92) Importer(2089858483,192608db42251d675da83286b1cce702)
Start importing Assets/Assets-Importe/Fries and Seagull/City 03/Models/Fruit Crate.fbx using Guid(e8a7fdc79fad95c4890853ea0e51bd92) Importer(2089858483,192608db42251d675da83286b1cce702) (ScriptedImporter) -> (artifact id: '8e90a3240a5a6518c7bb89e7398860eb') in 0.0299586 seconds
Number of updated asset objects reloaded before import = 0Number of asset objects unloaded after import = 8

========================================================================
Received Import Request.
  Time since last request: 0.000027 seconds.
  path: Assets/Assets-Importe/Trees Package Lite/Prefabs/demo.prefab
  artifactKey: Guid(fb0582c77f0d11c4e97ca6847a098d54) Importer(2089858483,192608db42251d675da83286b1cce702)
Start importing Assets/Assets-Importe/Trees Package Lite/Prefabs/demo.prefab using Guid(fb0582c77f0d11c4e97ca6847a098d54) Importer(2089858483,192608db42251d675da83286b1cce702) (ScriptedImporter) -> (artifact id: 'd4430770122000cb8804a2cc2c2d42de') in 0.0200156 seconds
Number of updated asset objects reloaded before import = 0Number of asset objects unloaded after import = 14

========================================================================
Received Import Request.
  Time since last request: 0.000017 seconds.
  path: Assets/Assets-Importe/Fries and Seagull/City 03/Models/Tree Pit.fbx
  artifactKey: Guid(14da35f7bbc71a441b3d72e4a955b8ee) Importer(2089858483,192608db42251d675da83286b1cce702)
Start importing Assets/Assets-Importe/Fries and Seagull/City 03/Models/Tree Pit.fbx using Guid(14da35f7bbc71a441b3d72e4a955b8ee) Importer(2089858483,192608db42251d675da83286b1cce702) (ScriptedImporter) -> (artifact id: '5dca4d728890c77f43040bf850b91f9a') in 0.0284803 seconds
Number of updated asset objects reloaded before import = 0Number of asset objects unloaded after import = 9

========================================================================
Received Import Request.
  Time since last request: 0.000016 seconds.
  path: Assets/Assets-Importe/Fries and Seagull/City 03/Models/Road Signs.fbx
  artifactKey: Guid(a3689aa77fcba3b48bba1243e6bb1f3b) Importer(2089858483,192608db42251d675da83286b1cce702)
Start importing Assets/Assets-Importe/Fries and Seagull/City 03/Models/Road Signs.fbx using Guid(a3689aa77fcba3b48bba1243e6bb1f3b) Importer(2089858483,192608db42251d675da83286b1cce702) (ScriptedImporter) -> (artifact id: '546b05918bbf39afedd23f4327ce2af8') in 0.0329814 seconds
Number of updated asset objects reloaded before import = 0Number of asset objects unloaded after import = 10

========================================================================
Received Import Request.
  Time since last request: 0.000020 seconds.
  path: Assets/Assets-Importe/Kevin Iglesias/Human Animations/Animations/Female/Movement/Sprint/HumanF@Sprint01_ForwardRight.fbx
  artifactKey: Guid(eb3f1eb7170e5f747b4e1f47de1dbe5c) Importer(2089858483,192608db42251d675da83286b1cce702)
Start importing Assets/Assets-Importe/Kevin Iglesias/Human Animations/Animations/Female/Movement/Sprint/HumanF@Sprint01_ForwardRight.fbx using Guid(eb3f1eb7170e5f747b4e1f47de1dbe5c) Importer(2089858483,192608db42251d675da83286b1cce702) (ScriptedImporter) -> (artifact id: '5ffe214adeafa6ed23520bd2a803e887') in 0.0303212 seconds
Number of updated asset objects reloaded before import = 0Number of asset objects unloaded after import = 120

========================================================================
Received Import Request.
  Time since last request: 0.000030 seconds.
  path: Assets/Assets-Importe/Kevin Iglesias/Human Animations/Unity Demo Scenes/Human Basic Motions/AnimatorControllers/HumanM@Sprint01_Forward.controller
  artifactKey: Guid(4af08048e2807ad44a3040f9848963d6) Importer(2089858483,192608db42251d675da83286b1cce702)
Start importing Assets/Assets-Importe/Kevin Iglesias/Human Animations/Unity Demo Scenes/Human Basic Motions/AnimatorControllers/HumanM@Sprint01_Forward.controller using Guid(4af08048e2807ad44a3040f9848963d6) Importer(2089858483,192608db42251d675da83286b1cce702) (ScriptedImporter) -> (artifact id: '3a3092439c5751c8cad3aeeca5ca49ae') in 0.0159781 seconds
Number of updated asset objects reloaded before import = 0Number of asset objects unloaded after import = 4

========================================================================
Received Import Request.
  Time since last request: 0.000018 seconds.
  path: Assets/Assets-Importe/Fries and Seagull/City 03/Prefabs/Ground Mark/Zebra Crossing.prefab
  artifactKey: Guid(0ea99188905abb14e965124fba5889d4) Importer(2089858483,192608db42251d675da83286b1cce702)
Start importing Assets/Assets-Importe/Fries and Seagull/City 03/Prefabs/Ground Mark/Zebra Crossing.prefab using Guid(0ea99188905abb14e965124fba5889d4) Importer(2089858483,192608db42251d675da83286b1cce702) (ScriptedImporter) -> (artifact id: '2905c04515b73e837be81486fdb0c817') in 0.0183691 seconds
Number of updated asset objects reloaded before import = 0Number of asset objects unloaded after import = 14

========================================================================
Received Import Request.
  Time since last request: 0.000017 seconds.
  path: Assets/Assets-Importe/Trees Package Lite/Prefabs/oak_tree.prefab
  artifactKey: Guid(13f2a1284a480f84fb5131e3a1555036) Importer(2089858483,192608db42251d675da83286b1cce702)
Start importing Assets/Assets-Importe/Trees Package Lite/Prefabs/oak_tree.prefab using Guid(13f2a1284a480f84fb5131e3a1555036) Importer(2089858483,192608db42251d675da83286b1cce702) (ScriptedImporter) -> (artifact id: '66c20664277c92b20abce0b20c8ae457') in 0.0189745 seconds
Number of updated asset objects reloaded before import = 0Number of asset objects unloaded after import = 14

========================================================================
Received Import Request.
  Time since last request: 0.000022 seconds.
  path: Assets/Assets-Importe/Fries and Seagull/City 03/Models/Road Barrier 1.fbx
  artifactKey: Guid(9fe53f58c6ad0694594525e67dfd596f) Importer(2089858483,192608db42251d675da83286b1cce702)
Start importing Assets/Assets-Importe/Fries and Seagull/City 03/Models/Road Barrier 1.fbx using Guid(9fe53f58c6ad0694594525e67dfd596f) Importer(2089858483,192608db42251d675da83286b1cce702) (ScriptedImporter) -> (artifact id: '5966af824c7b23320c9829466bfffee0') in 0.0330807 seconds
Number of updated asset objects reloaded before import = 0Number of asset objects unloaded after import = 8

========================================================================
Received Import Request.
  Time since last request: 0.000024 seconds.
  path: Assets/Assets-Importe/Kevin Iglesias/Human Animations/Animations/Male/Social/Conversation/HumanM@Talk01.fbx
  artifactKey: Guid(5277e5180e302184fb73653674a14c85) Importer(2089858483,192608db42251d675da83286b1cce702)
Start importing Assets/Assets-Importe/Kevin Iglesias/Human Animations/Animations/Male/Social/Conversation/HumanM@Talk01.fbx using Guid(5277e5180e302184fb73653674a14c85) Importer(2089858483,192608db42251d675da83286b1cce702) (ScriptedImporter) -> (artifact id: 'b2f0e9865efd2b5f06c8f3c499685bf4') in 0.0362082 seconds
Number of updated asset objects reloaded before import = 0Number of asset objects unloaded after import = 120

========================================================================
Received Import Request.
  Time since last request: 0.000022 seconds.
  path: Assets/Assets-Importe/Fries and Seagull/City 03/Models/Ground Markings 2.fbx
  artifactKey: Guid(524751b8017ef784783aa006d8ff7cde) Importer(2089858483,192608db42251d675da83286b1cce702)
Start importing Assets/Assets-Importe/Fries and Seagull/City 03/Models/Ground Markings 2.fbx using Guid(524751b8017ef784783aa006d8ff7cde) Importer(2089858483,192608db42251d675da83286b1cce702) (ScriptedImporter) -> (artifact id: 'ba80b283833817248dad24f72c326b7a') in 0.0346366 seconds
Number of updated asset objects reloaded before import = 0Number of asset objects unloaded after import = 7

========================================================================
Received Import Request.
  Time since last request: 0.000059 seconds.
  path: Assets/Assets-Importe/Trees Package Lite/Prefabs/tree_1_fall_001.prefab
  artifactKey: Guid(4805062953d859c41becc8fcebca92a6) Importer(2089858483,192608db42251d675da83286b1cce702)
Start importing Assets/Assets-Importe/Trees Package Lite/Prefabs/tree_1_fall_001.prefab using Guid(4805062953d859c41becc8fcebca92a6) Importer(2089858483,192608db42251d675da83286b1cce702) (ScriptedImporter) -> (artifact id: '3ee291fd8060931c5c87163404227948') in 0.0159694 seconds
Number of updated asset objects reloaded before import = 0Number of asset objects unloaded after import = 14

========================================================================
Received Import Request.
  Time since last request: 0.000039 seconds.
  path: Assets/Assets-Importe/Trees Package Lite/Prefabs/tree_2_snowy.prefab
  artifactKey: Guid(047f1ec8d1ec05f45a39ac5b1ce3a29e) Importer(2089858483,192608db42251d675da83286b1cce702)
Start importing Assets/Assets-Importe/Trees Package Lite/Prefabs/tree_2_snowy.prefab using Guid(047f1ec8d1ec05f45a39ac5b1ce3a29e) Importer(2089858483,192608db42251d675da83286b1cce702) (ScriptedImporter) -> (artifact id: '52f55af14d94483977d313cb02ea0e47') in 0.0194176 seconds
Number of updated asset objects reloaded before import = 0Number of asset objects unloaded after import = 14

========================================================================
Received Import Request.
  Time since last request: 0.000028 seconds.
  path: Assets/Assets-Importe/Kevin Iglesias/Human Animations/Unity Demo Scenes/Human Basic Motions/AnimatorControllers/HumanM@Walk01_ForwardLeft.controller
  artifactKey: Guid(3422516925cab0248b2549dc0bcb22f6) Importer(2089858483,192608db42251d675da83286b1cce702)
Start importing Assets/Assets-Importe/Kevin Iglesias/Human Animations/Unity Demo Scenes/Human Basic Motions/AnimatorControllers/HumanM@Walk01_ForwardLeft.controller using Guid(3422516925cab0248b2549dc0bcb22f6) Importer(2089858483,192608db42251d675da83286b1cce702) (ScriptedImporter) -> (artifact id: '8b162fd0deba06c926ef4d6275546e3f') in 0.0183139 seconds
Number of updated asset objects reloaded before import = 0Number of asset objects unloaded after import = 4

========================================================================
Received Import Request.
  Time since last request: 0.000035 seconds.
  path: Assets/Assets-Importe/Trees Package Lite/Meshes/dragon_tree_snowy.fbx
  artifactKey: Guid(4c708cb9cb3d30046bf424dc8d59ea12) Importer(2089858483,192608db42251d675da83286b1cce702)
Start importing Assets/Assets-Importe/Trees Package Lite/Meshes/dragon_tree_snowy.fbx using Guid(4c708cb9cb3d30046bf424dc8d59ea12) Importer(2089858483,192608db42251d675da83286b1cce702) (ScriptedImporter) -> (artifact id: '7fc1e099ba414cb5fcdaee9bd4f45070') in 0.0352161 seconds
Number of updated asset objects reloaded before import = 0Number of asset objects unloaded after import = 8

========================================================================
Received Import Request.
  Time since last request: 0.000020 seconds.
  path: Assets/Assets-Importe/Kevin Iglesias/Human Animations/Animations/Female/Movement/Run/RootMotion/HumanF@Run01_ForwardRight [RM].fbx
  artifactKey: Guid(13a7a8b93b87c984dbd8e0556bfebd96) Importer(2089858483,192608db42251d675da83286b1cce702)
Start importing Assets/Assets-Importe/Kevin Iglesias/Human Animations/Animations/Female/Movement/Run/RootMotion/HumanF@Run01_ForwardRight [RM].fbx using Guid(13a7a8b93b87c984dbd8e0556bfebd96) Importer(2089858483,192608db42251d675da83286b1cce702) (ScriptedImporter) -> (artifact id: '4068a4768db869858e5f3ce415301484') in 0.0475024 seconds
Number of updated asset objects reloaded before import = 0Number of asset objects unloaded after import = 120

========================================================================
Received Import Request.
  Time since last request: 0.000025 seconds.
  path: Assets/Assets-Importe/Kevin Iglesias/Human Animations/Unity Demo Scenes/Human Basic Motions/AnimatorControllers/HumanF@Sprint01_ForwardLeft.controller
  artifactKey: Guid(2c7117c9fecccdb4aa848779f6a91d9f) Importer(2089858483,192608db42251d675da83286b1cce702)
Start importing Assets/Assets-Importe/Kevin Iglesias/Human Animations/Unity Demo Scenes/Human Basic Motions/AnimatorControllers/HumanF@Sprint01_ForwardLeft.controller using Guid(2c7117c9fecccdb4aa848779f6a91d9f) Importer(2089858483,192608db42251d675da83286b1cce702) (ScriptedImporter) -> (artifact id: '78170959e241a5b24384acc501a067c0') in 0.020916 seconds
Number of updated asset objects reloaded before import = 0Number of asset objects unloaded after import = 4

========================================================================
Received Import Request.
  Time since last request: 0.000036 seconds.
  path: Assets/Assets-Importe/Kevin Iglesias/Human Animations/Animations/Female/Movement/Walk/HumanF@Walk01_Left.fbx
  artifactKey: Guid(1ee3692ad357102419809ccbcace4969) Importer(2089858483,192608db42251d675da83286b1cce702)
Start importing Assets/Assets-Importe/Kevin Iglesias/Human Animations/Animations/Female/Movement/Walk/HumanF@Walk01_Left.fbx using Guid(1ee3692ad357102419809ccbcace4969) Importer(2089858483,192608db42251d675da83286b1cce702) (ScriptedImporter) -> (artifact id: '970895381e4aca29ddd1f35e693f07a6') in 0.048383 seconds
Number of updated asset objects reloaded before import = 0Number of asset objects unloaded after import = 120

========================================================================
Received Import Request.
  Time since last request: 0.000029 seconds.
  path: Assets/Assets-Importe/Kevin Iglesias/Human Animations/Unity Demo Scenes/Human Basic Motions/AnimatorControllers/HumanF@Sprint01_Left.controller
  artifactKey: Guid(547eb51a8a16d124eb430a2be2e67518) Importer(2089858483,192608db42251d675da83286b1cce702)
Start importing Assets/Assets-Importe/Kevin Iglesias/Human Animations/Unity Demo Scenes/Human Basic Motions/AnimatorControllers/HumanF@Sprint01_Left.controller using Guid(547eb51a8a16d124eb430a2be2e67518) Importer(2089858483,192608db42251d675da83286b1cce702) (ScriptedImporter) -> (artifact id: 'bed9b12d282d51a592c528f257c8ecf8') in 0.0151267 seconds
Number of updated asset objects reloaded before import = 0Number of asset objects unloaded after import = 4

========================================================================
Received Import Request.
  Time since last request: 0.000019 seconds.
  path: Assets/Assets-Importe/Fries and Seagull/City 03/Models/Dumpster 2.fbx
  artifactKey: Guid(4f992e79413a7c5408c336d9451258dc) Importer(2089858483,192608db42251d675da83286b1cce702)
Start importing Assets/Assets-Importe/Fries and Seagull/City 03/Models/Dumpster 2.fbx using Guid(4f992e79413a7c5408c336d9451258dc) Importer(2089858483,192608db42251d675da83286b1cce702) (ScriptedImporter) -> (artifact id: '0be6b81d8a94f15451fd8f0da4dd9e65') in 0.0287188 seconds
Number of updated asset objects reloaded before import = 0Number of asset objects unloaded after import = 15

========================================================================
Received Import Request.
  Time since last request: 0.000035 seconds.
  path: Assets/Assets-Importe/Dnk_Dev/Brick_Fence/Prefab/P_Brick_Fence_02b.prefab
  artifactKey: Guid(25ba94a98b71b934fb8ec6f732f3b9a3) Importer(2089858483,192608db42251d675da83286b1cce702)
Start importing Assets/Assets-Importe/Dnk_Dev/Brick_Fence/Prefab/P_Brick_Fence_02b.prefab using Guid(25ba94a98b71b934fb8ec6f732f3b9a3) Importer(2089858483,192608db42251d675da83286b1cce702) (ScriptedImporter) -> (artifact id: '2d9e5aa9238e8455632a5e61ad1b9d89') in 0.0154721 seconds
Number of updated asset objects reloaded before import = 0Number of asset objects unloaded after import = 15

========================================================================
Received Import Request.
  Time since last request: 0.000019 seconds.
  path: Assets/Assets-Importe/Kevin Iglesias/Human Animations/Animations/Female/Movement/Turn/HumanF@Turn01_Right.fbx
  artifactKey: Guid(b4ae722a24b2a8d4b98cbe5ddda51e41) Importer(2089858483,192608db42251d675da83286b1cce702)
Start importing Assets/Assets-Importe/Kevin Iglesias/Human Animations/Animations/Female/Movement/Turn/HumanF@Turn01_Right.fbx using Guid(b4ae722a24b2a8d4b98cbe5ddda51e41) Importer(2089858483,192608db42251d675da83286b1cce702) (ScriptedImporter) -> (artifact id: '21f1c16ab72e70deeba97069009bd16d') in 0.0332734 seconds
Number of updated asset objects reloaded before import = 0Number of asset objects unloaded after import = 120

========================================================================
Received Import Request.
  Time since last request: 0.000022 seconds.
  path: Assets/Assets-Importe/Fries and Seagull/City 03/Models/Barricade 3.fbx
  artifactKey: Guid(d6acac2ae56d3a84f9470eda878b8e51) Importer(2089858483,192608db42251d675da83286b1cce702)
Start importing Assets/Assets-Importe/Fries and Seagull/City 03/Models/Barricade 3.fbx using Guid(d6acac2ae56d3a84f9470eda878b8e51) Importer(2089858483,192608db42251d675da83286b1cce702) (ScriptedImporter) -> (artifact id: '8de7433a247533e38bdd2bf1ba390ec6') in 0.0323799 seconds
Number of updated asset objects reloaded before import = 0Number of asset objects unloaded after import = 10

========================================================================
Received Import Request.
  Time since last request: 0.000024 seconds.
  path: Assets/Assets-Importe/Kevin Iglesias/Human Animations/Unity Demo Scenes/Human Basic Motions/AnimatorControllers/HumanF@Sprint01_Forward.controller
  artifactKey: Guid(7faeb0aa409545f4b8ce6af989c66fbd) Importer(2089858483,192608db42251d675da83286b1cce702)
Start importing Assets/Assets-Importe/Kevin Iglesias/Human Animations/Unity Demo Scenes/Human Basic Motions/AnimatorControllers/HumanF@Sprint01_Forward.controller using Guid(7faeb0aa409545f4b8ce6af989c66fbd) Importer(2089858483,192608db42251d675da83286b1cce702) (ScriptedImporter) -> (artifact id: '7e0a4168a3d96c3cf0e50ac177791c94') in 0.0119451 seconds
Number of updated asset objects reloaded before import = 0Number of asset objects unloaded after import = 4

========================================================================
Received Import Request.
  Time since last request: 0.000031 seconds.
  path: Assets/Assets-Importe/Fries and Seagull/City 03/Models/Traffic Light 1.fbx
  artifactKey: Guid(0fe5349a382749243b6e30ddf641447a) Importer(2089858483,192608db42251d675da83286b1cce702)
Start importing Assets/Assets-Importe/Fries and Seagull/City 03/Models/Traffic Light 1.fbx using Guid(0fe5349a382749243b6e30ddf641447a) Importer(2089858483,192608db42251d675da83286b1cce702) (ScriptedImporter) -> (artifact id: 'cb65f8cc5e6dcba7303673c5935248c2') in 0.0368165 seconds
Number of updated asset objects reloaded before import = 0Number of asset objects unloaded after import = 28

========================================================================
Received Import Request.
  Time since last request: 0.000022 seconds.
  path: Assets/Assets-Importe/Trees Package Lite/Meshes/rock_snowy_005.fbx
  artifactKey: Guid(dd8d294a1138030419e013b5e09b11d6) Importer(2089858483,192608db42251d675da83286b1cce702)
Start importing Assets/Assets-Importe/Trees Package Lite/Meshes/rock_snowy_005.fbx using Guid(dd8d294a1138030419e013b5e09b11d6) Importer(2089858483,192608db42251d675da83286b1cce702) (ScriptedImporter) -> (artifact id: 'f17336cc0aa9329a18996d7594d65068') in 0.029723 seconds
Number of updated asset objects reloaded before import = 0Number of asset objects unloaded after import = 8

========================================================================
Received Import Request.
  Time since last request: 0.000024 seconds.
  path: Assets/Assets-Importe/Trees Package Lite/Meshes/stump_015.fbx
  artifactKey: Guid(14301a68a5a436641bf2fc1b7681dfa9) Importer(2089858483,192608db42251d675da83286b1cce702)
Start importing Assets/Assets-Importe/Trees Package Lite/Meshes/stump_015.fbx using Guid(14301a68a5a436641bf2fc1b7681dfa9) Importer(2089858483,192608db42251d675da83286b1cce702) (ScriptedImporter) -> (artifact id: 'a73c9bc108e51484ea40d8fec27e8fcb') in 0.029179 seconds
Number of updated asset objects reloaded before import = 0Number of asset objects unloaded after import = 8

========================================================================
Received Import Request.
  Time since last request: 0.000035 seconds.
  path: Assets/Assets-Importe/Dnk_Dev/Brick_Fence/Models/SM_Brick_Fence_03.obj
  artifactKey: Guid(93f8f90b2b57c3f4980bafa841d4f8f1) Importer(2089858483,192608db42251d675da83286b1cce702)
Start importing Assets/Assets-Importe/Dnk_Dev/Brick_Fence/Models/SM_Brick_Fence_03.obj using Guid(93f8f90b2b57c3f4980bafa841d4f8f1) Importer(2089858483,192608db42251d675da83286b1cce702) (ScriptedImporter) -> (artifact id: '3aa035d1739fcedd388d3e915bbe9731') in 0.0232035 seconds
Number of updated asset objects reloaded before import = 0Number of asset objects unloaded after import = 9

========================================================================
Received Import Request.
  Time since last request: 0.000024 seconds.
  path: Assets/Assets-Importe/Fries and Seagull/City 03/Models/Trash Can 3.fbx
  artifactKey: Guid(5060d68be73416b4485578e0c6da5fc0) Importer(2089858483,192608db42251d675da83286b1cce702)
Start importing Assets/Assets-Importe/Fries and Seagull/City 03/Models/Trash Can 3.fbx using Guid(5060d68be73416b4485578e0c6da5fc0) Importer(2089858483,192608db42251d675da83286b1cce702) (ScriptedImporter) -> (artifact id: '19c5f7294d1c612f81ff0b1dcb4cba4b') in 0.0366318 seconds
Number of updated asset objects reloaded before import = 0Number of asset objects unloaded after import = 9

========================================================================
Received Import Request.
  Time since last request: 0.000029 seconds.
  path: Assets/Assets-Importe/Fries and Seagull/City 03/Models/Traffic Cones.fbx
  artifactKey: Guid(64eaef5b6d4070b4291b321700ec2641) Importer(2089858483,192608db42251d675da83286b1cce702)
Start importing Assets/Assets-Importe/Fries and Seagull/City 03/Models/Traffic Cones.fbx using Guid(64eaef5b6d4070b4291b321700ec2641) Importer(2089858483,192608db42251d675da83286b1cce702) (ScriptedImporter) -> (artifact id: '5ea79c8eb97b5ddcb7801670bac90287') in 0.0393209 seconds
Number of updated asset objects reloaded before import = 0Number of asset objects unloaded after import = 9

========================================================================
Received Import Request.
  Time since last request: 0.000024 seconds.
  path: Assets/Assets-Importe/Kevin Iglesias/Human Animations/Animations/Male/Movement/Sprint/RootMotion/HumanM@Sprint01_Left [RM].fbx
  artifactKey: Guid(17eb721b405a2864b84ea7c088d6bf02) Importer(2089858483,192608db42251d675da83286b1cce702)
Start importing Assets/Assets-Importe/Kevin Iglesias/Human Animations/Animations/Male/Movement/Sprint/RootMotion/HumanM@Sprint01_Left [RM].fbx using Guid(17eb721b405a2864b84ea7c088d6bf02) Importer(2089858483,192608db42251d675da83286b1cce702) (ScriptedImporter) -> (artifact id: '484c7578e2dd6c7a73f008ed3a3ad1c3') in 0.0357918 seconds
Number of updated asset objects reloaded before import = 0Number of asset objects unloaded after import = 120

========================================================================
Received Import Request.
  Time since last request: 0.000032 seconds.
  path: Assets/Assets-Importe/Fries and Seagull/City 03/Prefabs/Box 1.prefab
  artifactKey: Guid(b42611abff5657a478fdd610b35eb1be) Importer(2089858483,192608db42251d675da83286b1cce702)
Start importing Assets/Assets-Importe/Fries and Seagull/City 03/Prefabs/Box 1.prefab using Guid(b42611abff5657a478fdd610b35eb1be) Importer(2089858483,192608db42251d675da83286b1cce702) (ScriptedImporter) -> (artifact id: '0e0640e23e5d74cb2c598a8f2c73589f') in 0.0178173 seconds
Number of updated asset objects reloaded before import = 0Number of asset objects unloaded after import = 17

========================================================================
Received Import Request.
  Time since last request: 0.000019 seconds.
  path: Assets/Assets-Importe/Dnk_Dev/Brick_Fence/Models/SM_Brick_Fence_02b.FBX
  artifactKey: Guid(f7138d9be778db347a419d5234a5a7a0) Importer(2089858483,192608db42251d675da83286b1cce702)
Start importing Assets/Assets-Importe/Dnk_Dev/Brick_Fence/Models/SM_Brick_Fence_02b.FBX using Guid(f7138d9be778db347a419d5234a5a7a0) Importer(2089858483,192608db42251d675da83286b1cce702) (ScriptedImporter) -> (artifact id: '855c73d609c0673a16f71bf527dd0fa9') in 0.023594 seconds
Number of updated asset objects reloaded before import = 0Number of asset objects unloaded after import = 14

========================================================================
Received Import Request.
  Time since last request: 0.000022 seconds.
  path: Assets/Assets-Importe/Kevin Iglesias/Human Animations/Unity Demo Scenes/Human Basic Motions/AnimatorControllers/HumanF@MaskedWalking.overrideController
  artifactKey: Guid(9ff8f9cbbbf3f9a4699940f5590cacaa) Importer(2089858483,192608db42251d675da83286b1cce702)
Start importing Assets/Assets-Importe/Kevin Iglesias/Human Animations/Unity Demo Scenes/Human Basic Motions/AnimatorControllers/HumanF@MaskedWalking.overrideController using Guid(9ff8f9cbbbf3f9a4699940f5590cacaa) Importer(2089858483,192608db42251d675da83286b1cce702) (ScriptedImporter) -> (artifact id: '0bd1631c221e0b76628190130ccef8f8') in 0.023278 seconds
Number of updated asset objects reloaded before import = 0Number of asset objects unloaded after import = 27

========================================================================
Received Import Request.
  Time since last request: 0.000031 seconds.
  path: Assets/Assets-Importe/Fries and Seagull/City 03/Models/Guardrail.fbx
  artifactKey: Guid(586a598bd105f454593db62829e2dafd) Importer(2089858483,192608db42251d675da83286b1cce702)
Start importing Assets/Assets-Importe/Fries and Seagull/City 03/Models/Guardrail.fbx using Guid(586a598bd105f454593db62829e2dafd) Importer(2089858483,192608db42251d675da83286b1cce702) (ScriptedImporter) -> (artifact id: '5687bce06813a9ee709bcf71d8ee2ee2') in 0.0370996 seconds
Number of updated asset objects reloaded before import = 0Number of asset objects unloaded after import = 8

========================================================================
Received Import Request.
  Time since last request: 0.000017 seconds.
  path: Assets/Assets-Importe/Kevin Iglesias/Human Animations/Animations/Male/Movement/Sprint/HumanM@Sprint01_ForwardRight.fbx
  artifactKey: Guid(776b87abc6fae6f4e82851696702435b) Importer(2089858483,192608db42251d675da83286b1cce702)
Start importing Assets/Assets-Importe/Kevin Iglesias/Human Animations/Animations/Male/Movement/Sprint/HumanM@Sprint01_ForwardRight.fbx using Guid(776b87abc6fae6f4e82851696702435b) Importer(2089858483,192608db42251d675da83286b1cce702) (ScriptedImporter) -> (artifact id: 'eb32112a52931602544c98492a2d6ebd') in 0.0476742 seconds
Number of updated asset objects reloaded before import = 0Number of asset objects unloaded after import = 120

========================================================================
Received Import Request.
  Time since last request: 0.000029 seconds.
  path: Assets/Assets-Importe/Trees Package Lite/Meshes/rock_005.fbx
  artifactKey: Guid(9ee0b31c151b68645a4f3f9ca910199c) Importer(2089858483,192608db42251d675da83286b1cce702)
Start importing Assets/Assets-Importe/Trees Package Lite/Meshes/rock_005.fbx using Guid(9ee0b31c151b68645a4f3f9ca910199c) Importer(2089858483,192608db42251d675da83286b1cce702) (ScriptedImporter) -> (artifact id: '520fb74ea50a9ffb9673cb04a1ed7efd') in 0.0257397 seconds
Number of updated asset objects reloaded before import = 0Number of asset objects unloaded after import = 8

========================================================================
Received Import Request.
  Time since last request: 0.000035 seconds.
  path: Assets/Assets-Importe/Trees Package Lite/Prefabs/rock_snowy_009.prefab
  artifactKey: Guid(4cf9839ce24ea254492cf94c7da886cb) Importer(2089858483,192608db42251d675da83286b1cce702)
Start importing Assets/Assets-Importe/Trees Package Lite/Prefabs/rock_snowy_009.prefab using Guid(4cf9839ce24ea254492cf94c7da886cb) Importer(2089858483,192608db42251d675da83286b1cce702) (ScriptedImporter) -> (artifact id: '37d1cb6da4a1e7d4616b9d0b7bddc198') in 0.0194204 seconds
Number of updated asset objects reloaded before import = 0Number of asset objects unloaded after import = 14

========================================================================
Received Import Request.
  Time since last request: 0.000019 seconds.
  path: Assets/Assets-Importe/Kevin Iglesias/Human Animations/Models/Avatar Masks/Hands/Human Hand Right Mask.mask
  artifactKey: Guid(742dda8cea256e347a5e36860b12ce91) Importer(2089858483,192608db42251d675da83286b1cce702)
Start importing Assets/Assets-Importe/Kevin Iglesias/Human Animations/Models/Avatar Masks/Hands/Human Hand Right Mask.mask using Guid(742dda8cea256e347a5e36860b12ce91) Importer(2089858483,192608db42251d675da83286b1cce702) (ScriptedImporter) -> (artifact id: 'a6e52f7f379a3c29ea9ad527c9d0ebf8') in 0.00885 seconds
Number of updated asset objects reloaded before import = 0Number of asset objects unloaded after import = 1

========================================================================
Received Import Request.
  Time since last request: 0.000019 seconds.
  path: Assets/Assets-Importe/Kevin Iglesias/Human Animations/Animations/Male/Movement/Walk/HumanM@Walk01_Backward.fbx
  artifactKey: Guid(f1f1135ca9cfa8c47bf81718bb0d6873) Importer(2089858483,192608db42251d675da83286b1cce702)
Start importing Assets/Assets-Importe/Kevin Iglesias/Human Animations/Animations/Male/Movement/Walk/HumanM@Walk01_Backward.fbx using Guid(f1f1135ca9cfa8c47bf81718bb0d6873) Importer(2089858483,192608db42251d675da83286b1cce702) (ScriptedImporter) -> (artifact id: '1ce4f77d8947973dba6206a2b0568b9a') in 0.0333255 seconds
Number of updated asset objects reloaded before import = 0Number of asset objects unloaded after import = 120

========================================================================
Received Import Request.
  Time since last request: 0.000022 seconds.
  path: Assets/Assets-Importe/Fries and Seagull/City 03/Prefabs/Ground Mark/Ground Markings 2.prefab
  artifactKey: Guid(74e3df9cd09dc084abc764a74d8bacb6) Importer(2089858483,192608db42251d675da83286b1cce702)
Start importing Assets/Assets-Importe/Fries and Seagull/City 03/Prefabs/Ground Mark/Ground Markings 2.prefab using Guid(74e3df9cd09dc084abc764a74d8bacb6) Importer(2089858483,192608db42251d675da83286b1cce702) (ScriptedImporter) -> (artifact id: '7d31fb27a182564bccd29e2cd906cd0f') in 0.0182051 seconds
Number of updated asset objects reloaded before import = 0Number of asset objects unloaded after import = 13

========================================================================
Received Import Request.
  Time since last request: 0.000030 seconds.
  path: Assets/Assets-Importe/Fries and Seagull/City 03/Prefabs/Building/Building 4.prefab
  artifactKey: Guid(bcc7d3ec7cdb0344599766c0a3bcfff3) Importer(2089858483,192608db42251d675da83286b1cce702)
Start importing Assets/Assets-Importe/Fries and Seagull/City 03/Prefabs/Building/Building 4.prefab using Guid(bcc7d3ec7cdb0344599766c0a3bcfff3) Importer(2089858483,192608db42251d675da83286b1cce702) (ScriptedImporter) -> (artifact id: '36fda12f582a12b7fb39aa453dcdffc7') in 0.0200256 seconds
Number of updated asset objects reloaded before import = 0Number of asset objects unloaded after import = 36

========================================================================
Received Import Request.
  Time since last request: 0.000019 seconds.
  path: Assets/Assets-Importe/Kevin Iglesias/Human Animations/Animations/Female/Movement/Run/RootMotion/HumanF@Run01_Right [RM].fbx
  artifactKey: Guid(67b3854dfc8f4ee4485ed3c744ac0cca) Importer(2089858483,192608db42251d675da83286b1cce702)
Start importing Assets/Assets-Importe/Kevin Iglesias/Human Animations/Animations/Female/Movement/Run/RootMotion/HumanF@Run01_Right [RM].fbx using Guid(67b3854dfc8f4ee4485ed3c744ac0cca) Importer(2089858483,192608db42251d675da83286b1cce702) (ScriptedImporter) -> (artifact id: '36de3bfac60f58397bbac1eafe1f0cfb') in 0.0357562 seconds
Number of updated asset objects reloaded before import = 0Number of asset objects unloaded after import = 120

========================================================================
Received Import Request.
  Time since last request: 0.000026 seconds.
  path: Assets/Assets-Importe/Kevin Iglesias/Human Animations/Animations/Female/Movement/Walk/HumanF@Walk01_ForwardLeft.fbx
  artifactKey: Guid(77673eecac9076048b4b09f89e0c3d02) Importer(2089858483,192608db42251d675da83286b1cce702)
Start importing Assets/Assets-Importe/Kevin Iglesias/Human Animations/Animations/Female/Movement/Walk/HumanF@Walk01_ForwardLeft.fbx using Guid(77673eecac9076048b4b09f89e0c3d02) Importer(2089858483,192608db42251d675da83286b1cce702) (ScriptedImporter) -> (artifact id: '3548560b5f178879e20b06985951bdda') in 0.0340364 seconds
Number of updated asset objects reloaded before import = 0Number of asset objects unloaded after import = 120

========================================================================
Received Import Request.
  Time since last request: 0.000059 seconds.
  path: Assets/Assets-Importe/Kevin Iglesias/Human Animations/Unity Demo Scenes/Human Basic Motions/AnimatorControllers/HumanM@Sprint01_Right.controller
  artifactKey: Guid(96fc0a1d7aa3fd847a88fb565cb8a292) Importer(2089858483,192608db42251d675da83286b1cce702)
Start importing Assets/Assets-Importe/Kevin Iglesias/Human Animations/Unity Demo Scenes/Human Basic Motions/AnimatorControllers/HumanM@Sprint01_Right.controller using Guid(96fc0a1d7aa3fd847a88fb565cb8a292) Importer(2089858483,192608db42251d675da83286b1cce702) (ScriptedImporter) -> (artifact id: '267feef714ecce89553f5575a0fded7d') in 0.0165192 seconds
Number of updated asset objects reloaded before import = 0Number of asset objects unloaded after import = 4

========================================================================
Received Import Request.
  Time since last request: 0.000019 seconds.
  path: Assets/Assets-Importe/Trees Package Lite/Prefabs/bush_02_snowy.prefab
  artifactKey: Guid(af5b146d9472903438ee8c937c96880d) Importer(2089858483,192608db42251d675da83286b1cce702)
Start importing Assets/Assets-Importe/Trees Package Lite/Prefabs/bush_02_snowy.prefab using Guid(af5b146d9472903438ee8c937c96880d) Importer(2089858483,192608db42251d675da83286b1cce702) (ScriptedImporter) -> (artifact id: 'dd3847c2ae3334fc42c479ce0aa373b7') in 0.0208775 seconds
Number of updated asset objects reloaded before import = 0Number of asset objects unloaded after import = 14

========================================================================
Received Import Request.
  Time since last request: 0.000023 seconds.
  path: Assets/Assets-Importe/Fries and Seagull/City 03/Models/Refrigerator.fbx
  artifactKey: Guid(0d0e92cdad7c4c04dab726d158b9a967) Importer(2089858483,192608db42251d675da83286b1cce702)
Start importing Assets/Assets-Importe/Fries and Seagull/City 03/Models/Refrigerator.fbx using Guid(0d0e92cdad7c4c04dab726d158b9a967) Importer(2089858483,192608db42251d675da83286b1cce702) (ScriptedImporter) -> (artifact id: '2828423aa6ec10fd9ac9a80575d33547') in 0.0316413 seconds
Number of updated asset objects reloaded before import = 0Number of asset objects unloaded after import = 10

========================================================================
Received Import Request.
  Time since last request: 0.000019 seconds.
  path: Assets/Assets-Importe/Fries and Seagull/City 03/Prefabs/Barrier/Barrier 3.prefab
  artifactKey: Guid(9c13fa9d02cef354fb97ebff53bf7a23) Importer(2089858483,192608db42251d675da83286b1cce702)
Start importing Assets/Assets-Importe/Fries and Seagull/City 03/Prefabs/Barrier/Barrier 3.prefab using Guid(9c13fa9d02cef354fb97ebff53bf7a23) Importer(2089858483,192608db42251d675da83286b1cce702) (ScriptedImporter) -> (artifact id: 'e550628b2c89c11e055e391e300eeaee') in 0.0201524 seconds
Number of updated asset objects reloaded before import = 0Number of asset objects unloaded after import = 18

========================================================================
Received Import Request.
  Time since last request: 0.000029 seconds.
  path: Assets/Assets-Importe/Kevin Iglesias/Human Animations/Animations/Male/Movement/Sprint/HumanM@Sprint01_Right.fbx
  artifactKey: Guid(067a556d54da4e94b8c6cfc96e97d680) Importer(2089858483,192608db42251d675da83286b1cce702)
Start importing Assets/Assets-Importe/Kevin Iglesias/Human Animations/Animations/Male/Movement/Sprint/HumanM@Sprint01_Right.fbx using Guid(067a556d54da4e94b8c6cfc96e97d680) Importer(2089858483,192608db42251d675da83286b1cce702) (ScriptedImporter) -> (artifact id: '08179d0a475c597ec8102729fa466137') in 0.0359175 seconds
Number of updated asset objects reloaded before import = 0Number of asset objects unloaded after import = 120

========================================================================
Received Import Request.
  Time since last request: 0.000018 seconds.
  path: Assets/Assets-Importe/Kevin Iglesias/Human Animations/Animations/Male/Movement/Run/HumanM@Run01_ForwardRight.fbx
  artifactKey: Guid(152af2cd00aaae34e816ebb8deb4b68e) Importer(2089858483,192608db42251d675da83286b1cce702)
Start importing Assets/Assets-Importe/Kevin Iglesias/Human Animations/Animations/Male/Movement/Run/HumanM@Run01_ForwardRight.fbx using Guid(152af2cd00aaae34e816ebb8deb4b68e) Importer(2089858483,192608db42251d675da83286b1cce702) (ScriptedImporter) -> (artifact id: 'c28958fbf07351d7254f22f7786768b5') in 0.0411314 seconds
Number of updated asset objects reloaded before import = 0Number of asset objects unloaded after import = 120

========================================================================
Received Import Request.
  Time since last request: 0.000028 seconds.
  path: Assets/Assets-Importe/Kevin Iglesias/Human Animations/Animations/Female/Movement/Run/RootMotion/HumanF@Run01_BackwardLeft [RM].fbx
  artifactKey: Guid(06db7ead6cfa3054aaa7cf24fa1d249b) Importer(2089858483,192608db42251d675da83286b1cce702)
Start importing Assets/Assets-Importe/Kevin Iglesias/Human Animations/Animations/Female/Movement/Run/RootMotion/HumanF@Run01_BackwardLeft [RM].fbx using Guid(06db7ead6cfa3054aaa7cf24fa1d249b) Importer(2089858483,192608db42251d675da83286b1cce702) (ScriptedImporter) -> (artifact id: 'cf43be668a276da75a65f8dba7889ab2') in 0.0381826 seconds
Number of updated asset objects reloaded before import = 0Number of asset objects unloaded after import = 120

========================================================================
Received Import Request.
  Time since last request: 0.000030 seconds.
  path: Assets/Assets-Importe/Kevin Iglesias/Human Animations/Animations/Male/Movement/Run/HumanM@Run01_Forward.fbx
  artifactKey: Guid(6deac83e30d8acd4cbb8c7d8a11545bd) Importer(2089858483,192608db42251d675da83286b1cce702)
Start importing Assets/Assets-Importe/Kevin Iglesias/Human Animations/Animations/Male/Movement/Run/HumanM@Run01_Forward.fbx using Guid(6deac83e30d8acd4cbb8c7d8a11545bd) Importer(2089858483,192608db42251d675da83286b1cce702) (ScriptedImporter) -> (artifact id: '7207b33f01422b93d17b131e4b80341c') in 0.0345399 seconds
Number of updated asset objects reloaded before import = 0Number of asset objects unloaded after import = 120

========================================================================
Received Import Request.
  Time since last request: 0.000018 seconds.
  path: Assets/Assets-Importe/Trees Package Lite/Meshes/stump_snowy_005.fbx
  artifactKey: Guid(6480635e8f407b242b7bd0f5a30a372b) Importer(2089858483,192608db42251d675da83286b1cce702)
Start importing Assets/Assets-Importe/Trees Package Lite/Meshes/stump_snowy_005.fbx using Guid(6480635e8f407b242b7bd0f5a30a372b) Importer(2089858483,192608db42251d675da83286b1cce702) (ScriptedImporter) -> (artifact id: '5892aeaaea966b74dcaf964fdb219e88') in 0.0372875 seconds
Number of updated asset objects reloaded before import = 0Number of asset objects unloaded after import = 8

========================================================================
Received Import Request.
  Time since last request: 0.000021 seconds.
  path: Assets/Assets-Importe/Trees Package Lite/Textures/texture.png
  artifactKey: Guid(c0927a1e54bae6e4cb6fb6249824be9a) Importer(2089858483,192608db42251d675da83286b1cce702)
Start importing Assets/Assets-Importe/Trees Package Lite/Textures/texture.png using Guid(c0927a1e54bae6e4cb6fb6249824be9a) Importer(2089858483,192608db42251d675da83286b1cce702) (ScriptedImporter) -> (artifact id: '7f6006fd7435f2c59a80aa2c196486d2') in 0.0168862 seconds
Number of updated asset objects reloaded before import = 0Number of asset objects unloaded after import = 1

========================================================================
Received Import Request.
  Time since last request: 0.000045 seconds.
  path: Assets/Assets-Importe/Kevin Iglesias/Human Animations/Unity Demo Scenes/Human Basic Motions/AnimatorControllers/HumanF@Run01_BackwardRight.controller
  artifactKey: Guid(de70c57e580b4a643b8be1d3725eb865) Importer(2089858483,192608db42251d675da83286b1cce702)
Start importing Assets/Assets-Importe/Kevin Iglesias/Human Animations/Unity Demo Scenes/Human Basic Motions/AnimatorControllers/HumanF@Run01_BackwardRight.controller using Guid(de70c57e580b4a643b8be1d3725eb865) Importer(2089858483,192608db42251d675da83286b1cce702) (ScriptedImporter) -> (artifact id: 'b9f4413f167d0a152ebfd9767838b509') in 0.0155732 seconds
Number of updated asset objects reloaded before import = 0Number of asset objects unloaded after import = 4

========================================================================
Received Import Request.
  Time since last request: 0.000019 seconds.
  path: Assets/Assets-Importe/Fries and Seagull/City 03/Models/Signage 6.fbx
  artifactKey: Guid(6d13a0fd0066c1940b22f4c3f77df30d) Importer(2089858483,192608db42251d675da83286b1cce702)
Start importing Assets/Assets-Importe/Fries and Seagull/City 03/Models/Signage 6.fbx using Guid(6d13a0fd0066c1940b22f4c3f77df30d) Importer(2089858483,192608db42251d675da83286b1cce702) (ScriptedImporter) -> (artifact id: 'bbb511e28b702822339489f13d05c4d0') in 0.0390366 seconds
Number of updated asset objects reloaded before import = 0Number of asset objects unloaded after import = 11

========================================================================
Received Import Request.
  Time since last request: 0.000025 seconds.
  path: Assets/Assets-Importe/Fries and Seagull/City 03/Models/Barricade 4.fbx
  artifactKey: Guid(3fdccd7edd8b7974c8dd79d3c804e502) Importer(2089858483,192608db42251d675da83286b1cce702)
Start importing Assets/Assets-Importe/Fries and Seagull/City 03/Models/Barricade 4.fbx using Guid(3fdccd7edd8b7974c8dd79d3c804e502) Importer(2089858483,192608db42251d675da83286b1cce702) (ScriptedImporter) -> (artifact id: 'd41ad922cca77751f8d099d094ac6c5c') in 0.0400096 seconds
Number of updated asset objects reloaded before import = 0Number of asset objects unloaded after import = 17

========================================================================
Received Import Request.
  Time since last request: 0.000031 seconds.
  path: Assets/Assets-Importe/Kevin Iglesias/Human Animations/Animations/Female/Movement/Walk/HumanF@Walk01_Right.fbx
  artifactKey: Guid(70a2ad9ea5ea5cb49ab388ad93a00d27) Importer(2089858483,192608db42251d675da83286b1cce702)
Start importing Assets/Assets-Importe/Kevin Iglesias/Human Animations/Animations/Female/Movement/Walk/HumanF@Walk01_Right.fbx using Guid(70a2ad9ea5ea5cb49ab388ad93a00d27) Importer(2089858483,192608db42251d675da83286b1cce702) (ScriptedImporter) -> (artifact id: '20f236d9f73dd7798983ce37f8a23dce') in 0.0278103 seconds
Number of updated asset objects reloaded before import = 0Number of asset objects unloaded after import = 120

========================================================================
Received Import Request.
  Time since last request: 0.000022 seconds.
  path: Assets/Assets-Importe/Kevin Iglesias/Human Animations/Animations/Male/Idles/HumanM@Idle02.fbx
  artifactKey: Guid(9508ccae6dd32b54cb61bd81eda00380) Importer(2089858483,192608db42251d675da83286b1cce702)
Start importing Assets/Assets-Importe/Kevin Iglesias/Human Animations/Animations/Male/Idles/HumanM@Idle02.fbx using Guid(9508ccae6dd32b54cb61bd81eda00380) Importer(2089858483,192608db42251d675da83286b1cce702) (ScriptedImporter) -> (artifact id: '78bf923a370bb3cd976e0e3607024acb') in 0.0298217 seconds
Number of updated asset objects reloaded before import = 0Number of asset objects unloaded after import = 120

========================================================================
Received Import Request.
  Time since last request: 0.000021 seconds.
  path: Assets/Assets-Importe/Kevin Iglesias/Human Animations/Animations/Female/Movement/Walk/RootMotion/HumanF@Walk01_BackwardRight [RM].fbx
  artifactKey: Guid(5399e89e69e4ef2468a17b7975d02bd9) Importer(2089858483,192608db42251d675da83286b1cce702)
Start importing Assets/Assets-Importe/Kevin Iglesias/Human Animations/Animations/Female/Movement/Walk/RootMotion/HumanF@Walk01_BackwardRight [RM].fbx using Guid(5399e89e69e4ef2468a17b7975d02bd9) Importer(2089858483,192608db42251d675da83286b1cce702) (ScriptedImporter) -> (artifact id: '060d99d7c98d53137885bd69a2723f45') in 0.0439577 seconds
Number of updated asset objects reloaded before import = 0Number of asset objects unloaded after import = 120

========================================================================
Received Import Request.
  Time since last request: 0.000037 seconds.
  path: Assets/Assets-Importe/Fries and Seagull/City 03/Models/House 9.fbx
  artifactKey: Guid(4b41b4de0c9e83f48b490675bcbfc222) Importer(2089858483,192608db42251d675da83286b1cce702)
Start importing Assets/Assets-Importe/Fries and Seagull/City 03/Models/House 9.fbx using Guid(4b41b4de0c9e83f48b490675bcbfc222) Importer(2089858483,192608db42251d675da83286b1cce702) (ScriptedImporter) -> (artifact id: '70385ac12a6d283675854b8151dd51b5') in 0.0352061 seconds
Number of updated asset objects reloaded before import = 0Number of asset objects unloaded after import = 16

========================================================================
Received Import Request.
  Time since last request: 0.000017 seconds.
  path: Assets/Assets-Importe/Trees Package Lite/Prefabs/tree_2_fall_001.prefab
  artifactKey: Guid(2f68ceeea09c2b3478adb445ba50b03b) Importer(2089858483,192608db42251d675da83286b1cce702)
Start importing Assets/Assets-Importe/Trees Package Lite/Prefabs/tree_2_fall_001.prefab using Guid(2f68ceeea09c2b3478adb445ba50b03b) Importer(2089858483,192608db42251d675da83286b1cce702) (ScriptedImporter) -> (artifact id: '5f9d3b40078b8bf389b38abf8bb23055') in 0.0169571 seconds
Number of updated asset objects reloaded before import = 0Number of asset objects unloaded after import = 14

========================================================================
Received Import Request.
  Time since last request: 0.000018 seconds.
  path: Assets/Assets-Importe/Fries and Seagull/City 03/Prefabs/Road Signs/Road Sign.prefab
  artifactKey: Guid(787bbcfeb6fe75f42b999081ff9c9c48) Importer(2089858483,192608db42251d675da83286b1cce702)
Start importing Assets/Assets-Importe/Fries and Seagull/City 03/Prefabs/Road Signs/Road Sign.prefab using Guid(787bbcfeb6fe75f42b999081ff9c9c48) Importer(2089858483,192608db42251d675da83286b1cce702) (ScriptedImporter) -> (artifact id: '93c974f86c06819c2437daa2ce48a818') in 0.0205044 seconds
Number of updated asset objects reloaded before import = 0Number of asset objects unloaded after import = 19

========================================================================
Received Import Request.
  Time since last request: 0.000025 seconds.
  path: Assets/Assets-Importe/Kevin Iglesias/Human Animations/Unity Demo Scenes/Human Basic Motions/AnimatorControllers/HumanM@Run01_Left.controller
  artifactKey: Guid(b6c0465f8e296d746874de35399bf579) Importer(2089858483,192608db42251d675da83286b1cce702)
Start importing Assets/Assets-Importe/Kevin Iglesias/Human Animations/Unity Demo Scenes/Human Basic Motions/AnimatorControllers/HumanM@Run01_Left.controller using Guid(b6c0465f8e296d746874de35399bf579) Importer(2089858483,192608db42251d675da83286b1cce702) (ScriptedImporter) -> (artifact id: '4de403a86cd88ae1190c2f2a813b0043') in 0.0114675 seconds
Number of updated asset objects reloaded before import = 0Number of asset objects unloaded after import = 4

========================================================================
Received Import Request.
  Time since last request: 0.000029 seconds.
  path: Assets/Assets-Importe/Kevin Iglesias/Human Animations/Human Basic Motions 2.4 FREE.pdf
  artifactKey: Guid(9fefcdfef4f1bde45bef8b66dd81e417) Importer(2089858483,192608db42251d675da83286b1cce702)
Start importing Assets/Assets-Importe/Kevin Iglesias/Human Animations/Human Basic Motions 2.4 FREE.pdf using Guid(9fefcdfef4f1bde45bef8b66dd81e417) Importer(2089858483,192608db42251d675da83286b1cce702) (ScriptedImporter) -> (artifact id: 'edbb9ad1f13f8381104fe1bf87b21483') in 0.0114372 seconds
Number of updated asset objects reloaded before import = 0Number of asset objects unloaded after import = 1

========================================================================
Received Import Request.
  Time since last request: 0.000020 seconds.
  path: Assets/Assets-Importe/Fries and Seagull/City 03/Prefabs/Plants/Bush 1.prefab
  artifactKey: Guid(162a2ab64901f9746841bc0e9bf9efec) Importer(2089858483,192608db42251d675da83286b1cce702)
Start importing Assets/Assets-Importe/Fries and Seagull/City 03/Prefabs/Plants/Bush 1.prefab using Guid(162a2ab64901f9746841bc0e9bf9efec) Importer(2089858483,192608db42251d675da83286b1cce702) (ScriptedImporter) -> (artifact id: '172c297e0b19001eb05e30ba56d1e058') in 0.0201247 seconds
Number of updated asset objects reloaded before import = 0Number of asset objects unloaded after import = 20

========================================================================
Received Import Request.
  Time since last request: 0.000018 seconds.
  path: Assets/Assets-Importe/Kevin Iglesias/Human Animations/Animations/Female/Movement/Walk/RootMotion/HumanF@Walk01_ForwardLeft [RM].fbx
  artifactKey: Guid(51df1b7fbbe387f48a57bce2e93100b7) Importer(2089858483,192608db42251d675da83286b1cce702)
Start importing Assets/Assets-Importe/Kevin Iglesias/Human Animations/Animations/Female/Movement/Walk/RootMotion/HumanF@Walk01_ForwardLeft [RM].fbx using Guid(51df1b7fbbe387f48a57bce2e93100b7) Importer(2089858483,192608db42251d675da83286b1cce702) (ScriptedImporter) -> (artifact id: '073440e7d20fcd8b315d13947319dae8') in 0.0358306 seconds
Number of updated asset objects reloaded before import = 0Number of asset objects unloaded after import = 120

========================================================================
Received Import Request.
  Time since last request: 0.000022 seconds.
  path: Assets/Assets-Importe/Trees Package Lite/Meshes/stump_snowy_006.fbx
  artifactKey: Guid(f40253bffd8a2d04597a23ece4488811) Importer(2089858483,192608db42251d675da83286b1cce702)
Start importing Assets/Assets-Importe/Trees Package Lite/Meshes/stump_snowy_006.fbx using Guid(f40253bffd8a2d04597a23ece4488811) Importer(2089858483,192608db42251d675da83286b1cce702) (ScriptedImporter) -> (artifact id: 'a6d65ef807d6513e6e2d838a3b242593') in 0.0258461 seconds
Number of updated asset objects reloaded before import = 0Number of asset objects unloaded after import = 8

========================================================================
Received Import Request.
  Time since last request: 0.000031 seconds.
  path: Assets/Assets-Importe/Trees Package Lite/Meshes/dragon_tree_fall_001.fbx
  artifactKey: Guid(2775b75fa6d5bd84489e458726fed96f) Importer(2089858483,192608db42251d675da83286b1cce702)
Start importing Assets/Assets-Importe/Trees Package Lite/Meshes/dragon_tree_fall_001.fbx using Guid(2775b75fa6d5bd84489e458726fed96f) Importer(2089858483,192608db42251d675da83286b1cce702) (ScriptedImporter) -> (artifact id: '67b5ceb374fd38f82e1b708928170a6b') in 0.0285496 seconds
Number of updated asset objects reloaded before import = 0Number of asset objects unloaded after import = 8

========================================================================
Received Import Request.
  Time since last request: 0.000019 seconds.
  path: Assets/Assets-Importe/Kevin Iglesias/Human Animations/Unity Demo Scenes/Human Basic Motions/Materials/HumanBasicMotions_Floor.mat
  artifactKey: Guid(5066fedfee3f6d04a8c9931c4ca8bc3b) Importer(2089858483,192608db42251d675da83286b1cce702)
Start importing Assets/Assets-Importe/Kevin Iglesias/Human Animations/Unity Demo Scenes/Human Basic Motions/Materials/HumanBasicMotions_Floor.mat using Guid(5066fedfee3f6d04a8c9931c4ca8bc3b) Importer(2089858483,192608db42251d675da83286b1cce702) (ScriptedImporter) -> (artifact id: '48c71eee45688a3f45f4e8adbd890339') in 0.0171693 seconds
Number of updated asset objects reloaded before import = 0Number of asset objects unloaded after import = 1

========================================================================
Received Import Request.
  Time since last request: 0.000020 seconds.
  path: Assets/Assets-Importe/Trees Package Lite/Prefabs/stump_015.prefab
  artifactKey: Guid(8aeb4e7f03e728e4b83d26c0cf81f297) Importer(2089858483,192608db42251d675da83286b1cce702)
Start importing Assets/Assets-Importe/Trees Package Lite/Prefabs/stump_015.prefab using Guid(8aeb4e7f03e728e4b83d26c0cf81f297) Importer(2089858483,192608db42251d675da83286b1cce702) (ScriptedImporter) -> (artifact id: 'a5606f51c96dee06318a20805ea505b4') in 0.0193461 seconds
Number of updated asset objects reloaded before import = 0Number of asset objects unloaded after import = 14

========================================================================
Received Import Request.
  Time since last request: 0.000035 seconds.
  path: Assets/Assets-Importe/Kevin Iglesias/Human Animations/Unity Demo Scenes/Human Basic Motions/AnimatorControllers/HumanF@Sprint01_Right.controller
  artifactKey: Guid(dc9ef3ef925ef4f4aaca849afe8bf77b) Importer(2089858483,192608db42251d675da83286b1cce702)
Start importing Assets/Assets-Importe/Kevin Iglesias/Human Animations/Unity Demo Scenes/Human Basic Motions/AnimatorControllers/HumanF@Sprint01_Right.controller using Guid(dc9ef3ef925ef4f4aaca849afe8bf77b) Importer(2089858483,192608db42251d675da83286b1cce702) (ScriptedImporter) -> (artifact id: 'e791f2ec14984c286c8b8ab04d304b34') in 0.0143067 seconds
Number of updated asset objects reloaded before import = 0Number of asset objects unloaded after import = 4

========================================================================
Received Import Request.
  Time since last request: 0.000020 seconds.
  path: Assets/animations/Ch17_nonPBR@Standing W_Briefcase Idle.controller
  artifactKey: Guid(e0e2b7f1f1fa6604cb7119d903bbf25a) Importer(2089858483,192608db42251d675da83286b1cce702)
Start importing Assets/animations/Ch17_nonPBR@Standing W_Briefcase Idle.controller using Guid(e0e2b7f1f1fa6604cb7119d903bbf25a) Importer(2089858483,192608db42251d675da83286b1cce702) (ScriptedImporter) -> (artifact id: 'a6b1db5214d4c093d202793945815e65') in 0.0174184 seconds
Number of updated asset objects reloaded before import = 0Number of asset objects unloaded after import = 15

========================================================================
Received Import Request.
  Time since last request: 0.000022 seconds.
  path: Assets/animations/Idle.anim
  artifactKey: Guid(39b18427c4e8fcb4e83a2e2e6bec1c09) Importer(2089858483,192608db42251d675da83286b1cce702)
Start importing Assets/animations/Idle.anim using Guid(39b18427c4e8fcb4e83a2e2e6bec1c09) Importer(2089858483,192608db42251d675da83286b1cce702) (ScriptedImporter) -> (artifact id: '99ba27c86f6f61d6d1aaeca5a64fe42c') in 0.0143555 seconds
Number of updated asset objects reloaded before import = 0Number of asset objects unloaded after import = 1

========================================================================
Received Import Request.
  Time since last request: 0.000019 seconds.
  path: Assets/Assets-Importe/Kevin Iglesias/Human Animations/Animations/Male/Movement/Turn/HumanM@Turn01_Left [RM].fbx
  artifactKey: Guid(74a8e870fd625914099b99d4caa5bf0b) Importer(2089858483,192608db42251d675da83286b1cce702)
Start importing Assets/Assets-Importe/Kevin Iglesias/Human Animations/Animations/Male/Movement/Turn/HumanM@Turn01_Left [RM].fbx using Guid(74a8e870fd625914099b99d4caa5bf0b) Importer(2089858483,192608db42251d675da83286b1cce702) (ScriptedImporter) -> (artifact id: '6480c15a6e2309a0e69a85da2dd26fa6') in 0.0311501 seconds
Number of updated asset objects reloaded before import = 0Number of asset objects unloaded after import = 120

========================================================================
Received Import Request.
  Time since last request: 0.000027 seconds.
  path: Assets/Assets-Importe/Fries and Seagull/City 03/Models/Ground Markings 6.fbx
  artifactKey: Guid(c700c1e80b4241e4fb46efaed4105ed8) Importer(2089858483,192608db42251d675da83286b1cce702)
Start importing Assets/Assets-Importe/Fries and Seagull/City 03/Models/Ground Markings 6.fbx using Guid(c700c1e80b4241e4fb46efaed4105ed8) Importer(2089858483,192608db42251d675da83286b1cce702) (ScriptedImporter) -> (artifact id: '3710ae34685052a6d7058351aa7d6eda') in 0.0363752 seconds
Number of updated asset objects reloaded before import = 0Number of asset objects unloaded after import = 7

========================================================================
Received Import Request.
  Time since last request: 0.000022 seconds.
  path: Assets/Assets-Importe/Kevin Iglesias/Human Animations/Animations/Female/Movement/Sprint
  artifactKey: Guid(c2c482be839c3de4ea61574648bc1e70) Importer(2089858483,192608db42251d675da83286b1cce702)
Start importing Assets/Assets-Importe/Kevin Iglesias/Human Animations/Animations/Female/Movement/Sprint using Guid(c2c482be839c3de4ea61574648bc1e70) Importer(2089858483,192608db42251d675da83286b1cce702) (ScriptedImporter) -> (artifact id: 'b11b36385f3391612c13958296fff52a') in 0.0094057 seconds
Number of updated asset objects reloaded before import = 0Number of asset objects unloaded after import = 1

========================================================================
Received Import Request.
  Time since last request: 0.000020 seconds.
  path: Assets/Assets-Importe/Kevin Iglesias/Human Animations/Animations/Female/Movement/Run/RootMotion
  artifactKey: Guid(b39622f85ed380b4fb82573a047b6899) Importer(2089858483,192608db42251d675da83286b1cce702)
Start importing Assets/Assets-Importe/Kevin Iglesias/Human Animations/Animations/Female/Movement/Run/RootMotion using Guid(b39622f85ed380b4fb82573a047b6899) Importer(2089858483,192608db42251d675da83286b1cce702) (ScriptedImporter) -> (artifact id: '37fa78d2acbd226eb2240ba0a5df046a') in 0.0105598 seconds
Number of updated asset objects reloaded before import = 0Number of asset objects unloaded after import = 1

========================================================================
Received Import Request.
  Time since last request: 0.000037 seconds.
  path: Assets/TextMesh Pro/Sprites/EmojiOne.png
  artifactKey: Guid(dffef66376be4fa480fb02b19edbe903) Importer(2089858483,192608db42251d675da83286b1cce702)
Start importing Assets/TextMesh Pro/Sprites/EmojiOne.png using Guid(dffef66376be4fa480fb02b19edbe903) Importer(2089858483,192608db42251d675da83286b1cce702) (ScriptedImporter) -> (artifact id: '0478804095d8c0faa0001219465c3c67') in 0.0222774 seconds
Number of updated asset objects reloaded before import = 0Number of asset objects unloaded after import = 1

========================================================================
Received Import Request.
  Time since last request: 0.000022 seconds.
  path: Assets/Assets-Importe/Fries and Seagull/City 03/Prefabs/Road Unit
  artifactKey: Guid(909310a2b4ff8cf42b21e78a95233a0e) Importer(2089858483,192608db42251d675da83286b1cce702)
Start importing Assets/Assets-Importe/Fries and Seagull/City 03/Prefabs/Road Unit using Guid(909310a2b4ff8cf42b21e78a95233a0e) Importer(2089858483,192608db42251d675da83286b1cce702) (ScriptedImporter) -> (artifact id: '1b5fe792247dda82b2e8f3941ec4b6df') in 0.0113995 seconds
Number of updated asset objects reloaded before import = 0Number of asset objects unloaded after import = 1

========================================================================
Received Import Request.
  Time since last request: 0.000024 seconds.
  path: Assets/Assets-Importe/Fries and Seagull/City 03/Models
  artifactKey: Guid(b1e2e42254982244fbbc44b75d79094d) Importer(2089858483,192608db42251d675da83286b1cce702)
Start importing Assets/Assets-Importe/Fries and Seagull/City 03/Models using Guid(b1e2e42254982244fbbc44b75d79094d) Importer(2089858483,192608db42251d675da83286b1cce702) (ScriptedImporter) -> (artifact id: '4cf653fbcca7939c08294c66e8c42e95') in 0.0107286 seconds
Number of updated asset objects reloaded before import = 0Number of asset objects unloaded after import = 1

========================================================================
Received Import Request.
  Time since last request: 0.000030 seconds.
  path: Assets/Assets-Importe/Fries and Seagull/City 03/Models/Small Barricade.fbx
  artifactKey: Guid(b48a5c91e8dfdb24ba4af9c8e9f7ab6f) Importer(2089858483,192608db42251d675da83286b1cce702)
Start importing Assets/Assets-Importe/Fries and Seagull/City 03/Models/Small Barricade.fbx using Guid(b48a5c91e8dfdb24ba4af9c8e9f7ab6f) Importer(2089858483,192608db42251d675da83286b1cce702) (ScriptedImporter) -> (artifact id: '15fe9b078456051382bd13d42ab46322') in 0.039857 seconds
Number of updated asset objects reloaded before import = 0Number of asset objects unloaded after import = 10

========================================================================
Received Import Request.
  Time since last request: 0.000025 seconds.
  path: Assets/Assets-Importe/Fries and Seagull/City 03/Models/Manhole Covers 4.fbx
  artifactKey: Guid(46a59686a310e34429a003c372cbedc0) Importer(2089858483,192608db42251d675da83286b1cce702)
Start importing Assets/Assets-Importe/Fries and Seagull/City 03/Models/Manhole Covers 4.fbx using Guid(46a59686a310e34429a003c372cbedc0) Importer(2089858483,192608db42251d675da83286b1cce702) (ScriptedImporter) -> (artifact id: 'dd5a8df7ca6798f2bd90f0849ae3f8c0') in 0.0335125 seconds
Number of updated asset objects reloaded before import = 0Number of asset objects unloaded after import = 9

========================================================================
Received Import Request.
  Time since last request: 0.000030 seconds.
  path: Assets/Assets-Importe/Fries and Seagull/City 03/Models/Zebra Crossing.fbx
  artifactKey: Guid(61638f75cb2d883449011496af090a63) Importer(2089858483,192608db42251d675da83286b1cce702)
Start importing Assets/Assets-Importe/Fries and Seagull/City 03/Models/Zebra Crossing.fbx using Guid(61638f75cb2d883449011496af090a63) Importer(2089858483,192608db42251d675da83286b1cce702) (ScriptedImporter) -> (artifact id: '1f403fd923172857c553e4f8d11ed19d') in 0.0324843 seconds
Number of updated asset objects reloaded before import = 0Number of asset objects unloaded after import = 8

========================================================================
Received Import Request.
  Time since last request: 0.000031 seconds.
  path: Assets/Assets-Importe/Kevin Iglesias/Human Animations/Unity Demo Scenes/Human Basic Motions/AnimatorControllers/HumanF@Walk01_BackwardLeft.controller
  artifactKey: Guid(3568d31851fe3534f8155d8d2657fabf) Importer(2089858483,192608db42251d675da83286b1cce702)
Start importing Assets/Assets-Importe/Kevin Iglesias/Human Animations/Unity Demo Scenes/Human Basic Motions/AnimatorControllers/HumanF@Walk01_BackwardLeft.controller using Guid(3568d31851fe3534f8155d8d2657fabf) Importer(2089858483,192608db42251d675da83286b1cce702) (ScriptedImporter) -> (artifact id: '721f02e0530f8d8f73e0ffb18f250119') in 0.0112891 seconds
Number of updated asset objects reloaded before import = 0Number of asset objects unloaded after import = 4

========================================================================
Received Import Request.
  Time since last request: 0.000022 seconds.
  path: Assets/Assets-Importe/Fries and Seagull/City 03/Sample Scene
  artifactKey: Guid(83de1126f8fddaf48abc9b6306699bb8) Importer(2089858483,192608db42251d675da83286b1cce702)
Start importing Assets/Assets-Importe/Fries and Seagull/City 03/Sample Scene using Guid(83de1126f8fddaf48abc9b6306699bb8) Importer(2089858483,192608db42251d675da83286b1cce702) (ScriptedImporter) -> (artifact id: 'eb491fa1b448170b4ff811f65c4e52e3') in 0.0087097 seconds
Number of updated asset objects reloaded before import = 0Number of asset objects unloaded after import = 1

========================================================================
Received Import Request.
  Time since last request: 0.000017 seconds.
  path: Assets/Assets-Importe/Kevin Iglesias/Human Animations/Animations/Female/Movement/Jump/HumanF@Fall01.fbx
  artifactKey: Guid(73f1e892de373654ea6e3fff3ca15f76) Importer(2089858483,192608db42251d675da83286b1cce702)
Start importing Assets/Assets-Importe/Kevin Iglesias/Human Animations/Animations/Female/Movement/Jump/HumanF@Fall01.fbx using Guid(73f1e892de373654ea6e3fff3ca15f76) Importer(2089858483,192608db42251d675da83286b1cce702) (ScriptedImporter) -> (artifact id: 'f4bf94ae33fc320ff55a1455f339095b') in 0.0314601 seconds
Number of updated asset objects reloaded before import = 0Number of asset objects unloaded after import = 120

========================================================================
Received Import Request.
  Time since last request: 0.000023 seconds.
  path: Assets/Assets-Importe/Trees Package Lite/Prefabs/stump_012.prefab
  artifactKey: Guid(cae442e3cc53aaf49b2689d8a4191d06) Importer(2089858483,192608db42251d675da83286b1cce702)
Start importing Assets/Assets-Importe/Trees Package Lite/Prefabs/stump_012.prefab using Guid(cae442e3cc53aaf49b2689d8a4191d06) Importer(2089858483,192608db42251d675da83286b1cce702) (ScriptedImporter) -> (artifact id: 'b3711f03f7cee227609d040573e572dc') in 0.0181883 seconds
Number of updated asset objects reloaded before import = 0Number of asset objects unloaded after import = 14

========================================================================
Received Import Request.
  Time since last request: 0.000034 seconds.
  path: Assets/Assets-Importe/Trees Package Lite/Prefabs/stump_016.prefab
  artifactKey: Guid(fb20f2061ac15e444801a80e983472fc) Importer(2089858483,192608db42251d675da83286b1cce702)
Start importing Assets/Assets-Importe/Trees Package Lite/Prefabs/stump_016.prefab using Guid(fb20f2061ac15e444801a80e983472fc) Importer(2089858483,192608db42251d675da83286b1cce702) (ScriptedImporter) -> (artifact id: 'c2b82a4e347c3e19dd3e4b6a51d2161a') in 0.021855 seconds
Number of updated asset objects reloaded before import = 0Number of asset objects unloaded after import = 14

========================================================================
Received Import Request.
  Time since last request: 0.000022 seconds.
  path: Assets/Assets-Importe/Kevin Iglesias/Human Animations/Animations/Male/Movement/Jump/HumanM@Jump01 [RM] - Begin.fbx
  artifactKey: Guid(53186c660ca35254cb302f56f055063e) Importer(2089858483,192608db42251d675da83286b1cce702)
Start importing Assets/Assets-Importe/Kevin Iglesias/Human Animations/Animations/Male/Movement/Jump/HumanM@Jump01 [RM] - Begin.fbx using Guid(53186c660ca35254cb302f56f055063e) Importer(2089858483,192608db42251d675da83286b1cce702) (ScriptedImporter) -> (artifact id: '19dd3aaf1d59739742151bb7b50e8cc1') in 0.0348761 seconds
Number of updated asset objects reloaded before import = 0Number of asset objects unloaded after import = 120

========================================================================
Received Import Request.
  Time since last request: 0.000021 seconds.
  path: Assets/Assets-Importe/Kevin Iglesias/Human Animations/Animations/Male/Idles/HumanM@Idle01.fbx
  artifactKey: Guid(56fd86b76fc74d24d83522069f5deb9b) Importer(2089858483,192608db42251d675da83286b1cce702)
Start importing Assets/Assets-Importe/Kevin Iglesias/Human Animations/Animations/Male/Idles/HumanM@Idle01.fbx using Guid(56fd86b76fc74d24d83522069f5deb9b) Importer(2089858483,192608db42251d675da83286b1cce702) (ScriptedImporter) -> (artifact id: 'a304aea6cafe1ec3162dae5ff67b4c65') in 0.0318388 seconds
Number of updated asset objects reloaded before import = 0Number of asset objects unloaded after import = 120

========================================================================
Received Import Request.
  Time since last request: 0.000029 seconds.
  path: Assets/Assets-Importe/Fries and Seagull/City 03/Models/Trash Bag 1.fbx
  artifactKey: Guid(580c11a6532c37e41b4eaa832729aae3) Importer(2089858483,192608db42251d675da83286b1cce702)
Start importing Assets/Assets-Importe/Fries and Seagull/City 03/Models/Trash Bag 1.fbx using Guid(580c11a6532c37e41b4eaa832729aae3) Importer(2089858483,192608db42251d675da83286b1cce702) (ScriptedImporter) -> (artifact id: '668b0c262fccc3f90978e0e1833caac6') in 0.0277943 seconds
Number of updated asset objects reloaded before import = 0Number of asset objects unloaded after import = 8

========================================================================
Received Import Request.
  Time since last request: 0.000019 seconds.
  path: Assets/Assets-Importe/Fries and Seagull/City 03/Prefabs/Road Signs/Signage 5.prefab
  artifactKey: Guid(f392d017a767a874f8ffd5cce414c898) Importer(2089858483,192608db42251d675da83286b1cce702)
Start importing Assets/Assets-Importe/Fries and Seagull/City 03/Prefabs/Road Signs/Signage 5.prefab using Guid(f392d017a767a874f8ffd5cce414c898) Importer(2089858483,192608db42251d675da83286b1cce702) (ScriptedImporter) -> (artifact id: '970660d595d57ea1d23d1ff7beb586ba') in 0.0209788 seconds
Number of updated asset objects reloaded before import = 0Number of asset objects unloaded after import = 19

========================================================================
Received Import Request.
  Time since last request: 0.000020 seconds.
  path: Assets/Assets-Importe/Fries and Seagull/City 03/Scene Props/Scripts/Setup/SetupScriptBRP.cs
  artifactKey: Guid(6b143332824848078bb7af15b83da5e6) Importer(2089858483,192608db42251d675da83286b1cce702)
Start importing Assets/Assets-Importe/Fries and Seagull/City 03/Scene Props/Scripts/Setup/SetupScriptBRP.cs using Guid(6b143332824848078bb7af15b83da5e6) Importer(2089858483,192608db42251d675da83286b1cce702) (ScriptedImporter) -> (artifact id: '9c2acd03be36e1ee2b7ee9903ab57f97') in 0.0105359 seconds
Number of updated asset objects reloaded before import = 0Number of asset objects unloaded after import = 0

========================================================================
Received Import Request.
  Time since last request: 0.000030 seconds.
  path: Assets/Assets-Importe/Fries and Seagull/City 03/Models/Street Lamp 1.fbx
  artifactKey: Guid(902225e1ed47d664496da4ed2bafcefd) Importer(2089858483,192608db42251d675da83286b1cce702)
Start importing Assets/Assets-Importe/Fries and Seagull/City 03/Models/Street Lamp 1.fbx using Guid(902225e1ed47d664496da4ed2bafcefd) Importer(2089858483,192608db42251d675da83286b1cce702) (ScriptedImporter) -> (artifact id: 'ddd747caa676f60bd3d37d37e82a5214') in 0.0376615 seconds
Number of updated asset objects reloaded before import = 0Number of asset objects unloaded after import = 15

========================================================================
Received Import Request.
  Time since last request: 0.000020 seconds.
  path: Assets/Assets-Importe/LowlyPoly/Stylized Grass Texture
  artifactKey: Guid(2f14d375d07e40941aa4c857f21eb94c) Importer(2089858483,192608db42251d675da83286b1cce702)
Start importing Assets/Assets-Importe/LowlyPoly/Stylized Grass Texture using Guid(2f14d375d07e40941aa4c857f21eb94c) Importer(2089858483,192608db42251d675da83286b1cce702) (ScriptedImporter) -> (artifact id: '2c7a3617aab1e3e9e1ffcac2a8ed24bd') in 0.0087764 seconds
Number of updated asset objects reloaded before import = 0Number of asset objects unloaded after import = 1

========================================================================
Received Import Request.
  Time since last request: 0.000016 seconds.
  path: Assets/Assets-Importe/Fries and Seagull/City 03/Models/Tree 2.fbx
  artifactKey: Guid(801d8af11f7433e499906e2d61075ecc) Importer(2089858483,192608db42251d675da83286b1cce702)
Start importing Assets/Assets-Importe/Fries and Seagull/City 03/Models/Tree 2.fbx using Guid(801d8af11f7433e499906e2d61075ecc) Importer(2089858483,192608db42251d675da83286b1cce702) (ScriptedImporter) -> (artifact id: '661514f7e2ca5f92f2fc7621e14553a4') in 0.0299242 seconds
Number of updated asset objects reloaded before import = 0Number of asset objects unloaded after import = 9

========================================================================
Received Import Request.
  Time since last request: 0.000020 seconds.
  path: Assets/Assets-Importe/Fries and Seagull/City 03/Prefabs/Light Sources
  artifactKey: Guid(e7f5484866c387640844d9bf6f06f83b) Importer(2089858483,192608db42251d675da83286b1cce702)
Start importing Assets/Assets-Importe/Fries and Seagull/City 03/Prefabs/Light Sources using Guid(e7f5484866c387640844d9bf6f06f83b) Importer(2089858483,192608db42251d675da83286b1cce702) (ScriptedImporter) -> (artifact id: '86b54b2cb3135b775ebb1c341387dd54') in 0.0081508 seconds
Number of updated asset objects reloaded before import = 0Number of asset objects unloaded after import = 1

========================================================================
Received Import Request.
  Time since last request: 0.000028 seconds.
  path: Assets/Assets-Importe/Fries and Seagull/City 03/Models/Taxi.fbx
  artifactKey: Guid(d7b460c6685037e4e8924c22bb44e4ff) Importer(2089858483,192608db42251d675da83286b1cce702)
Start importing Assets/Assets-Importe/Fries and Seagull/City 03/Models/Taxi.fbx using Guid(d7b460c6685037e4e8924c22bb44e4ff) Importer(2089858483,192608db42251d675da83286b1cce702) (ScriptedImporter) -> (artifact id: '9caf7d9aa710b74af4356eae02cb725f') in 0.0402138 seconds
Number of updated asset objects reloaded before import = 0Number of asset objects unloaded after import = 20

========================================================================
Received Prepare
'Packages/com.unity.render-pipelines.high-definition/Editor/Wizard/HDWizard.UIElement.cs' contains partial class of Unity.Object, exactly 1 of the partial classes needs to be in a file with the same filename. This is to know the one that can be referenced from ie. GameObjects
'Packages/com.unity.render-pipelines.high-definition/Editor/Wizard/HDWizard.Configuration.cs' contains partial class of Unity.Object, exactly 1 of the partial classes needs to be in a file with the same filename. This is to know the one that can be referenced from ie. GameObjects
'Packages/com.unity.render-pipelines.high-definition/Editor/Wizard/HDWizard.Window.cs' contains partial class of Unity.Object, exactly 1 of the partial classes needs to be in a file with the same filename. This is to know the one that can be referenced from ie. GameObjects
WARNING: Shader Unsupported: 'HDRP/TerrainLit' - All subshaders removed
WARNING: Shader Did you use #pragma only_renderers and omit this platform?
WARNING: Shader If subshaders removal was intentional, you may have forgotten turning Fallback off?
WARNING: Shader Unsupported: 'HDRP/TerrainLit' - All subshaders removed
WARNING: Shader Did you use #pragma only_renderers and omit this platform?
WARNING: Shader If subshaders removal was intentional, you may have forgotten turning Fallback off?
Refreshing native plugins compatible for Editor in 2.84 ms, found 3 plugins.
Preloading 0 native plugins for Editor in 0.00 ms.
Unloading 188 Unused Serialized files (Serialized files now loaded: 0)
Unloading 7950 unused Assets / (29.1 MB). Loaded Objects now: 8633.
Memory consumption went from 219.5 MB to 190.4 MB.
Total: 35.877600 ms (FindLiveObjects: 1.541100 ms CreateObjectMapping: 0.937100 ms MarkObjects: 16.935800 ms  DeleteObjects: 16.461000 ms)

Prepare: number of updated asset objects reloaded= 0
========================================================================
Received Import Request.
  Time since last request: 147.707839 seconds.
  path: Assets/scripts/ControleJoueur.cs
  artifactKey: Guid(c7154552dd26f2b409137e91203d7004) Importer(2089858483,192608db42251d675da83286b1cce702)
Start importing Assets/scripts/ControleJoueur.cs using Guid(c7154552dd26f2b409137e91203d7004) Importer(2089858483,192608db42251d675da83286b1cce702) (ScriptedImporter) -> (artifact id: '9788d54911302df4c667a40fda79a601') in 0.0133413 seconds
Number of updated asset objects reloaded before import = 0Number of asset objects unloaded after import = 0

========================================================================
Received Prepare
Begin MonoManager ReloadAssembly
[Licensing::Client] Successfully resolved entitlement details
- Loaded All Assemblies, in  0.869 seconds
'Packages/com.unity.render-pipelines.high-definition/Editor/Wizard/HDWizard.UIElement.cs' contains partial class of Unity.Object, exactly 1 of the partial classes needs to be in a file with the same filename. This is to know the one that can be referenced from ie. GameObjects
'Packages/com.unity.render-pipelines.high-definition/Editor/Wizard/HDWizard.Configuration.cs' contains partial class of Unity.Object, exactly 1 of the partial classes needs to be in a file with the same filename. This is to know the one that can be referenced from ie. GameObjects
'Packages/com.unity.render-pipelines.high-definition/Editor/Wizard/HDWizard.Window.cs' contains partial class of Unity.Object, exactly 1 of the partial classes needs to be in a file with the same filename. This is to know the one that can be referenced from ie. GameObjects
Refreshing native plugins compatible for Editor in 1.50 ms, found 3 plugins.
Native extension for WindowsStandalone target not found
[Package Manager] Failed to launch server process. Reason: Unity was launched with the -noUpm command-line argument
[Package Manager] Unable to send message (not connected to server process).
[Package Manager] Cannot connect to Unity Package Manager local server
Mono: successfully reloaded assembly
- Finished resetting the current domain, in  0.820 seconds
Domain Reload Profiling: 1685ms
	BeginReloadAssembly (275ms)
		ExecutionOrderSort (0ms)
		DisableScriptedObjects (6ms)
		BackupInstance (0ms)
		ReleaseScriptingObjects (0ms)
		CreateAndSetChildDomain (94ms)
	RebuildCommonClasses (45ms)
	RebuildNativeTypeToScriptingClass (15ms)
	initialDomainReloadingComplete (37ms)
	LoadAllAssembliesAndSetupDomain (493ms)
		LoadAssemblies (365ms)
		RebuildTransferFunctionScriptingTraits (0ms)
		AnalyzeDomain (217ms)
			TypeCache.Refresh (8ms)
				TypeCache.ScanAssembly (1ms)
			BuildScriptInfoCaches (188ms)
			ResolveRequiredComponents (15ms)
	FinalizeReload (820ms)
		ReleaseScriptCaches (0ms)
		RebuildScriptCaches (0ms)
		SetupLoadedEditorAssemblies (593ms)
			LogAssemblyErrors (0ms)
			InitializePlatformSupportModulesInManaged (2ms)
			SetLoadedEditorAssemblies (6ms)
			BeforeProcessingInitializeOnLoad (138ms)
			ProcessInitializeOnLoadAttributes (370ms)
			ProcessInitializeOnLoadMethodAttributes (66ms)
			AfterProcessingInitializeOnLoad (9ms)
			EditorAssembliesLoaded (1ms)
		ExecutionOrderSort2 (0ms)
		AwakeInstancesAfterBackupRestoration (18ms)
WARNING: Shader Unsupported: 'HDRP/TerrainLit' - All subshaders removed
WARNING: Shader Did you use #pragma only_renderers and omit this platform?
WARNING: Shader If subshaders removal was intentional, you may have forgotten turning Fallback off?
WARNING: Shader Unsupported: 'HDRP/TerrainLit' - All subshaders removed
WARNING: Shader Did you use #pragma only_renderers and omit this platform?
WARNING: Shader If subshaders removal was intentional, you may have forgotten turning Fallback off?
Refreshing native plugins compatible for Editor in 1.39 ms, found 3 plugins.
Preloading 0 native plugins for Editor in 0.00 ms.
Unloading 188 Unused Serialized files (Serialized files now loaded: 0)
Unloading 7956 unused Assets / (32.6 MB). Loaded Objects now: 8648.
Memory consumption went from 229.2 MB to 196.5 MB.
Total: 16.238800 ms (FindLiveObjects: 1.130300 ms CreateObjectMapping: 0.957700 ms MarkObjects: 6.520100 ms  DeleteObjects: 7.628900 ms)

Prepare: number of updated asset objects reloaded= 0
========================================================================
Received Prepare
Begin MonoManager ReloadAssembly
- Loaded All Assemblies, in  0.813 seconds
'Packages/com.unity.render-pipelines.high-definition/Editor/Wizard/HDWizard.UIElement.cs' contains partial class of Unity.Object, exactly 1 of the partial classes needs to be in a file with the same filename. This is to know the one that can be referenced from ie. GameObjects
'Packages/com.unity.render-pipelines.high-definition/Editor/Wizard/HDWizard.Configuration.cs' contains partial class of Unity.Object, exactly 1 of the partial classes needs to be in a file with the same filename. This is to know the one that can be referenced from ie. GameObjects
'Packages/com.unity.render-pipelines.high-definition/Editor/Wizard/HDWizard.Window.cs' contains partial class of Unity.Object, exactly 1 of the partial classes needs to be in a file with the same filename. This is to know the one that can be referenced from ie. GameObjects
Refreshing native plugins compatible for Editor in 1.90 ms, found 3 plugins.
Native extension for WindowsStandalone target not found
[Package Manager] Failed to launch server process. Reason: Unity was launched with the -noUpm command-line argument
[Package Manager] Unable to send message (not connected to server process).
[Package Manager] Cannot connect to Unity Package Manager local server
Mono: successfully reloaded assembly
- Finished resetting the current domain, in  1.259 seconds
Domain Reload Profiling: 2070ms
	BeginReloadAssembly (223ms)
		ExecutionOrderSort (0ms)
		DisableScriptedObjects (7ms)
		BackupInstance (0ms)
		ReleaseScriptingObjects (1ms)
		CreateAndSetChildDomain (56ms)
	RebuildCommonClasses (34ms)
	RebuildNativeTypeToScriptingClass (12ms)
	initialDomainReloadingComplete (29ms)
	LoadAllAssembliesAndSetupDomain (513ms)
		LoadAssemblies (404ms)
		RebuildTransferFunctionScriptingTraits (0ms)
		AnalyzeDomain (207ms)
			TypeCache.Refresh (6ms)
				TypeCache.ScanAssembly (0ms)
			BuildScriptInfoCaches (185ms)
			ResolveRequiredComponents (12ms)
	FinalizeReload (1260ms)
		ReleaseScriptCaches (0ms)
		RebuildScriptCaches (0ms)
		SetupLoadedEditorAssemblies (1027ms)
			LogAssemblyErrors (0ms)
			InitializePlatformSupportModulesInManaged (4ms)
			SetLoadedEditorAssemblies (14ms)
			BeforeProcessingInitializeOnLoad (235ms)
			ProcessInitializeOnLoadAttributes (651ms)
			ProcessInitializeOnLoadMethodAttributes (108ms)
			AfterProcessingInitializeOnLoad (14ms)
			EditorAssembliesLoaded (0ms)
		ExecutionOrderSort2 (0ms)
		AwakeInstancesAfterBackupRestoration (27ms)
WARNING: Shader Unsupported: 'HDRP/TerrainLit' - All subshaders removed
WARNING: Shader Did you use #pragma only_renderers and omit this platform?
WARNING: Shader If subshaders removal was intentional, you may have forgotten turning Fallback off?
WARNING: Shader Unsupported: 'HDRP/TerrainLit' - All subshaders removed
WARNING: Shader Did you use #pragma only_renderers and omit this platform?
WARNING: Shader If subshaders removal was intentional, you may have forgotten turning Fallback off?
Refreshing native plugins compatible for Editor in 1.94 ms, found 3 plugins.
Preloading 0 native plugins for Editor in 0.00 ms.
Unloading 188 Unused Serialized files (Serialized files now loaded: 0)
Unloading 7956 unused Assets / (30.0 MB). Loaded Objects now: 8650.
Memory consumption went from 229.1 MB to 199.2 MB.
Total: 29.529300 ms (FindLiveObjects: 3.196600 ms CreateObjectMapping: 1.389800 ms MarkObjects: 8.460800 ms  DeleteObjects: 16.480100 ms)

Prepare: number of updated asset objects reloaded= 0
========================================================================
Received Prepare
'Packages/com.unity.render-pipelines.high-definition/Editor/Wizard/HDWizard.UIElement.cs' contains partial class of Unity.Object, exactly 1 of the partial classes needs to be in a file with the same filename. This is to know the one that can be referenced from ie. GameObjects
'Packages/com.unity.render-pipelines.high-definition/Editor/Wizard/HDWizard.Configuration.cs' contains partial class of Unity.Object, exactly 1 of the partial classes needs to be in a file with the same filename. This is to know the one that can be referenced from ie. GameObjects
'Packages/com.unity.render-pipelines.high-definition/Editor/Wizard/HDWizard.Window.cs' contains partial class of Unity.Object, exactly 1 of the partial classes needs to be in a file with the same filename. This is to know the one that can be referenced from ie. GameObjects
WARNING: Shader Unsupported: 'HDRP/TerrainLit' - All subshaders removed
WARNING: Shader Did you use #pragma only_renderers and omit this platform?
WARNING: Shader If subshaders removal was intentional, you may have forgotten turning Fallback off?
WARNING: Shader Unsupported: 'HDRP/TerrainLit' - All subshaders removed
WARNING: Shader Did you use #pragma only_renderers and omit this platform?
WARNING: Shader If subshaders removal was intentional, you may have forgotten turning Fallback off?
Refreshing native plugins compatible for Editor in 2.41 ms, found 3 plugins.
Preloading 0 native plugins for Editor in 0.00 ms.
Unloading 188 Unused Serialized files (Serialized files now loaded: 0)
Unloading 7949 unused Assets / (29.5 MB). Loaded Objects now: 8650.
Memory consumption went from 229.3 MB to 199.8 MB.
Total: 23.455000 ms (FindLiveObjects: 1.098600 ms CreateObjectMapping: 0.984900 ms MarkObjects: 8.866400 ms  DeleteObjects: 12.503000 ms)

Prepare: number of updated asset objects reloaded= 0
========================================================================
Received Prepare
Begin MonoManager ReloadAssembly
- Loaded All Assemblies, in  1.232 seconds
'Packages/com.unity.render-pipelines.high-definition/Editor/Wizard/HDWizard.UIElement.cs' contains partial class of Unity.Object, exactly 1 of the partial classes needs to be in a file with the same filename. This is to know the one that can be referenced from ie. GameObjects
'Packages/com.unity.render-pipelines.high-definition/Editor/Wizard/HDWizard.Configuration.cs' contains partial class of Unity.Object, exactly 1 of the partial classes needs to be in a file with the same filename. This is to know the one that can be referenced from ie. GameObjects
'Packages/com.unity.render-pipelines.high-definition/Editor/Wizard/HDWizard.Window.cs' contains partial class of Unity.Object, exactly 1 of the partial classes needs to be in a file with the same filename. This is to know the one that can be referenced from ie. GameObjects
Refreshing native plugins compatible for Editor in 1.48 ms, found 3 plugins.
Native extension for WindowsStandalone target not found
[Package Manager] Failed to launch server process. Reason: Unity was launched with the -noUpm command-line argument
[Package Manager] Unable to send message (not connected to server process).
[Package Manager] Cannot connect to Unity Package Manager local server
Mono: successfully reloaded assembly
- Finished resetting the current domain, in  0.744 seconds
Domain Reload Profiling: 1967ms
	BeginReloadAssembly (334ms)
		ExecutionOrderSort (0ms)
		DisableScriptedObjects (11ms)
		BackupInstance (0ms)
		ReleaseScriptingObjects (1ms)
		CreateAndSetChildDomain (73ms)
	RebuildCommonClasses (62ms)
	RebuildNativeTypeToScriptingClass (24ms)
	initialDomainReloadingComplete (56ms)
	LoadAllAssembliesAndSetupDomain (747ms)
		LoadAssemblies (562ms)
		RebuildTransferFunctionScriptingTraits (0ms)
		AnalyzeDomain (342ms)
			TypeCache.Refresh (12ms)
				TypeCache.ScanAssembly (1ms)
			BuildScriptInfoCaches (309ms)
			ResolveRequiredComponents (16ms)
	FinalizeReload (744ms)
		ReleaseScriptCaches (0ms)
		RebuildScriptCaches (0ms)
		SetupLoadedEditorAssemblies (567ms)
			LogAssemblyErrors (0ms)
			InitializePlatformSupportModulesInManaged (2ms)
			SetLoadedEditorAssemblies (5ms)
			BeforeProcessingInitializeOnLoad (136ms)
			ProcessInitializeOnLoadAttributes (353ms)
			ProcessInitializeOnLoadMethodAttributes (62ms)
			AfterProcessingInitializeOnLoad (7ms)
			EditorAssembliesLoaded (0ms)
		ExecutionOrderSort2 (0ms)
		AwakeInstancesAfterBackupRestoration (14ms)
WARNING: Shader Unsupported: 'HDRP/TerrainLit' - All subshaders removed
WARNING: Shader Did you use #pragma only_renderers and omit this platform?
WARNING: Shader If subshaders removal was intentional, you may have forgotten turning Fallback off?
WARNING: Shader Unsupported: 'HDRP/TerrainLit' - All subshaders removed
WARNING: Shader Did you use #pragma only_renderers and omit this platform?
WARNING: Shader If subshaders removal was intentional, you may have forgotten turning Fallback off?
Refreshing native plugins compatible for Editor in 1.29 ms, found 3 plugins.
Preloading 0 native plugins for Editor in 0.00 ms.
Unloading 188 Unused Serialized files (Serialized files now loaded: 0)
Unloading 7956 unused Assets / (28.3 MB). Loaded Objects now: 8652.
Memory consumption went from 229.2 MB to 200.8 MB.
Total: 13.303500 ms (FindLiveObjects: 0.939400 ms CreateObjectMapping: 0.391100 ms MarkObjects: 5.130300 ms  DeleteObjects: 6.840900 ms)

Prepare: number of updated asset objects reloaded= 0
========================================================================
Received Prepare
Begin MonoManager ReloadAssembly
[Licensing::Client] Successfully resolved entitlement details
- Loaded All Assemblies, in  0.883 seconds
'Packages/com.unity.render-pipelines.high-definition/Editor/Wizard/HDWizard.UIElement.cs' contains partial class of Unity.Object, exactly 1 of the partial classes needs to be in a file with the same filename. This is to know the one that can be referenced from ie. GameObjects
'Packages/com.unity.render-pipelines.high-definition/Editor/Wizard/HDWizard.Configuration.cs' contains partial class of Unity.Object, exactly 1 of the partial classes needs to be in a file with the same filename. This is to know the one that can be referenced from ie. GameObjects
'Packages/com.unity.render-pipelines.high-definition/Editor/Wizard/HDWizard.Window.cs' contains partial class of Unity.Object, exactly 1 of the partial classes needs to be in a file with the same filename. This is to know the one that can be referenced from ie. GameObjects
Refreshing native plugins compatible for Editor in 1.42 ms, found 3 plugins.
Native extension for WindowsStandalone target not found
[Package Manager] Failed to launch server process. Reason: Unity was launched with the -noUpm command-line argument
[Package Manager] Unable to send message (not connected to server process).
[Package Manager] Cannot connect to Unity Package Manager local server
Mono: successfully reloaded assembly
- Finished resetting the current domain, in  1.074 seconds
Domain Reload Profiling: 1957ms
	BeginReloadAssembly (235ms)
		ExecutionOrderSort (0ms)
		DisableScriptedObjects (9ms)
		BackupInstance (0ms)
		ReleaseScriptingObjects (0ms)
		CreateAndSetChildDomain (56ms)
	RebuildCommonClasses (37ms)
	RebuildNativeTypeToScriptingClass (12ms)
	initialDomainReloadingComplete (30ms)
	LoadAllAssembliesAndSetupDomain (569ms)
		LoadAssemblies (431ms)
		RebuildTransferFunctionScriptingTraits (0ms)
		AnalyzeDomain (228ms)
			TypeCache.Refresh (6ms)
				TypeCache.ScanAssembly (0ms)
			BuildScriptInfoCaches (205ms)
			ResolveRequiredComponents (11ms)
	FinalizeReload (1075ms)
		ReleaseScriptCaches (0ms)
		RebuildScriptCaches (0ms)
		SetupLoadedEditorAssemblies (879ms)
			LogAssemblyErrors (0ms)
			InitializePlatformSupportModulesInManaged (2ms)
			SetLoadedEditorAssemblies (5ms)
			BeforeProcessingInitializeOnLoad (165ms)
			ProcessInitializeOnLoadAttributes (589ms)
			ProcessInitializeOnLoadMethodAttributes (106ms)
			AfterProcessingInitializeOnLoad (13ms)
			EditorAssembliesLoaded (0ms)
		ExecutionOrderSort2 (0ms)
		AwakeInstancesAfterBackupRestoration (16ms)
WARNING: Shader Unsupported: 'HDRP/TerrainLit' - All subshaders removed
WARNING: Shader Did you use #pragma only_renderers and omit this platform?
WARNING: Shader If subshaders removal was intentional, you may have forgotten turning Fallback off?
WARNING: Shader Unsupported: 'HDRP/TerrainLit' - All subshaders removed
WARNING: Shader Did you use #pragma only_renderers and omit this platform?
WARNING: Shader If subshaders removal was intentional, you may have forgotten turning Fallback off?
Refreshing native plugins compatible for Editor in 1.40 ms, found 3 plugins.
Preloading 0 native plugins for Editor in 0.00 ms.
Unloading 188 Unused Serialized files (Serialized files now loaded: 0)
Unloading 7956 unused Assets / (26.3 MB). Loaded Objects now: 8654.
Memory consumption went from 229.2 MB to 202.9 MB.
Total: 14.534600 ms (FindLiveObjects: 1.146300 ms CreateObjectMapping: 0.594000 ms MarkObjects: 5.298300 ms  DeleteObjects: 7.493600 ms)

Prepare: number of updated asset objects reloaded= 0
========================================================================
Received Prepare
'Packages/com.unity.render-pipelines.high-definition/Editor/Wizard/HDWizard.UIElement.cs' contains partial class of Unity.Object, exactly 1 of the partial classes needs to be in a file with the same filename. This is to know the one that can be referenced from ie. GameObjects
'Packages/com.unity.render-pipelines.high-definition/Editor/Wizard/HDWizard.Configuration.cs' contains partial class of Unity.Object, exactly 1 of the partial classes needs to be in a file with the same filename. This is to know the one that can be referenced from ie. GameObjects
'Packages/com.unity.render-pipelines.high-definition/Editor/Wizard/HDWizard.Window.cs' contains partial class of Unity.Object, exactly 1 of the partial classes needs to be in a file with the same filename. This is to know the one that can be referenced from ie. GameObjects
WARNING: Shader Unsupported: 'HDRP/TerrainLit' - All subshaders removed
WARNING: Shader Did you use #pragma only_renderers and omit this platform?
WARNING: Shader If subshaders removal was intentional, you may have forgotten turning Fallback off?
WARNING: Shader Unsupported: 'HDRP/TerrainLit' - All subshaders removed
WARNING: Shader Did you use #pragma only_renderers and omit this platform?
WARNING: Shader If subshaders removal was intentional, you may have forgotten turning Fallback off?
Refreshing native plugins compatible for Editor in 3.16 ms, found 3 plugins.
Preloading 0 native plugins for Editor in 0.00 ms.
Unloading 188 Unused Serialized files (Serialized files now loaded: 0)
Unloading 7949 unused Assets / (30.1 MB). Loaded Objects now: 8654.
Memory consumption went from 229.4 MB to 199.2 MB.
Total: 27.264200 ms (FindLiveObjects: 1.670800 ms CreateObjectMapping: 1.260500 ms MarkObjects: 9.953700 ms  DeleteObjects: 14.375900 ms)

Prepare: number of updated asset objects reloaded= 0
========================================================================
Received Prepare
Begin MonoManager ReloadAssembly
[Licensing::Client] Successfully resolved entitlement details
- Loaded All Assemblies, in  0.867 seconds
'Packages/com.unity.render-pipelines.high-definition/Editor/Wizard/HDWizard.UIElement.cs' contains partial class of Unity.Object, exactly 1 of the partial classes needs to be in a file with the same filename. This is to know the one that can be referenced from ie. GameObjects
'Packages/com.unity.render-pipelines.high-definition/Editor/Wizard/HDWizard.Configuration.cs' contains partial class of Unity.Object, exactly 1 of the partial classes needs to be in a file with the same filename. This is to know the one that can be referenced from ie. GameObjects
'Packages/com.unity.render-pipelines.high-definition/Editor/Wizard/HDWizard.Window.cs' contains partial class of Unity.Object, exactly 1 of the partial classes needs to be in a file with the same filename. This is to know the one that can be referenced from ie. GameObjects
Refreshing native plugins compatible for Editor in 3.53 ms, found 3 plugins.
Native extension for WindowsStandalone target not found
[Package Manager] Failed to launch server process. Reason: Unity was launched with the -noUpm command-line argument
[Package Manager] Unable to send message (not connected to server process).
[Package Manager] Cannot connect to Unity Package Manager local server
Mono: successfully reloaded assembly
- Finished resetting the current domain, in  0.745 seconds
Domain Reload Profiling: 1601ms
	BeginReloadAssembly (244ms)
		ExecutionOrderSort (0ms)
		DisableScriptedObjects (8ms)
		BackupInstance (0ms)
		ReleaseScriptingObjects (0ms)
		CreateAndSetChildDomain (55ms)
	RebuildCommonClasses (37ms)
	RebuildNativeTypeToScriptingClass (12ms)
	initialDomainReloadingComplete (33ms)
	LoadAllAssembliesAndSetupDomain (531ms)
		LoadAssemblies (404ms)
		RebuildTransferFunctionScriptingTraits (0ms)
		AnalyzeDomain (224ms)
			TypeCache.Refresh (13ms)
				TypeCache.ScanAssembly (1ms)
			BuildScriptInfoCaches (195ms)
			ResolveRequiredComponents (12ms)
	FinalizeReload (746ms)
		ReleaseScriptCaches (0ms)
		RebuildScriptCaches (0ms)
		SetupLoadedEditorAssemblies (566ms)
			LogAssemblyErrors (0ms)
			InitializePlatformSupportModulesInManaged (2ms)
			SetLoadedEditorAssemblies (5ms)
			BeforeProcessingInitializeOnLoad (139ms)
			ProcessInitializeOnLoadAttributes (348ms)
			ProcessInitializeOnLoadMethodAttributes (62ms)
			AfterProcessingInitializeOnLoad (9ms)
			EditorAssembliesLoaded (0ms)
		ExecutionOrderSort2 (0ms)
		AwakeInstancesAfterBackupRestoration (19ms)
WARNING: Shader Unsupported: 'HDRP/TerrainLit' - All subshaders removed
WARNING: Shader Did you use #pragma only_renderers and omit this platform?
WARNING: Shader If subshaders removal was intentional, you may have forgotten turning Fallback off?
WARNING: Shader Unsupported: 'HDRP/TerrainLit' - All subshaders removed
WARNING: Shader Did you use #pragma only_renderers and omit this platform?
WARNING: Shader If subshaders removal was intentional, you may have forgotten turning Fallback off?
Refreshing native plugins compatible for Editor in 1.44 ms, found 3 plugins.
Preloading 0 native plugins for Editor in 0.00 ms.
Unloading 188 Unused Serialized files (Serialized files now loaded: 0)
Unloading 7956 unused Assets / (29.0 MB). Loaded Objects now: 8656.
Memory consumption went from 231.2 MB to 202.2 MB.
Total: 12.894300 ms (FindLiveObjects: 1.032900 ms CreateObjectMapping: 0.420000 ms MarkObjects: 4.288700 ms  DeleteObjects: 7.151300 ms)

Prepare: number of updated asset objects reloaded= 0
========================================================================
Received Prepare
Begin MonoManager ReloadAssembly
- Loaded All Assemblies, in  0.815 seconds
'Packages/com.unity.render-pipelines.high-definition/Editor/Wizard/HDWizard.UIElement.cs' contains partial class of Unity.Object, exactly 1 of the partial classes needs to be in a file with the same filename. This is to know the one that can be referenced from ie. GameObjects
'Packages/com.unity.render-pipelines.high-definition/Editor/Wizard/HDWizard.Configuration.cs' contains partial class of Unity.Object, exactly 1 of the partial classes needs to be in a file with the same filename. This is to know the one that can be referenced from ie. GameObjects
'Packages/com.unity.render-pipelines.high-definition/Editor/Wizard/HDWizard.Window.cs' contains partial class of Unity.Object, exactly 1 of the partial classes needs to be in a file with the same filename. This is to know the one that can be referenced from ie. GameObjects
Refreshing native plugins compatible for Editor in 1.81 ms, found 3 plugins.
Native extension for WindowsStandalone target not found
[Package Manager] Failed to launch server process. Reason: Unity was launched with the -noUpm command-line argument
[Package Manager] Unable to send message (not connected to server process).
[Package Manager] Cannot connect to Unity Package Manager local server
Mono: successfully reloaded assembly
- Finished resetting the current domain, in  1.128 seconds
Domain Reload Profiling: 1941ms
	BeginReloadAssembly (213ms)
		ExecutionOrderSort (0ms)
		DisableScriptedObjects (5ms)
		BackupInstance (0ms)
		ReleaseScriptingObjects (0ms)
		CreateAndSetChildDomain (55ms)
	RebuildCommonClasses (35ms)
	RebuildNativeTypeToScriptingClass (13ms)
	initialDomainReloadingComplete (33ms)
	LoadAllAssembliesAndSetupDomain (519ms)
		LoadAssemblies (396ms)
		RebuildTransferFunctionScriptingTraits (0ms)
		AnalyzeDomain (217ms)
			TypeCache.Refresh (7ms)
				TypeCache.ScanAssembly (0ms)
			BuildScriptInfoCaches (195ms)
			ResolveRequiredComponents (10ms)
	FinalizeReload (1128ms)
		ReleaseScriptCaches (0ms)
		RebuildScriptCaches (0ms)
		SetupLoadedEditorAssemblies (920ms)
			LogAssemblyErrors (0ms)
			InitializePlatformSupportModulesInManaged (2ms)
			SetLoadedEditorAssemblies (5ms)
			BeforeProcessingInitializeOnLoad (236ms)
			ProcessInitializeOnLoadAttributes (566ms)
			ProcessInitializeOnLoadMethodAttributes (97ms)
			AfterProcessingInitializeOnLoad (13ms)
			EditorAssembliesLoaded (1ms)
		ExecutionOrderSort2 (0ms)
		AwakeInstancesAfterBackupRestoration (29ms)
WARNING: Shader Unsupported: 'HDRP/TerrainLit' - All subshaders removed
WARNING: Shader Did you use #pragma only_renderers and omit this platform?
WARNING: Shader If subshaders removal was intentional, you may have forgotten turning Fallback off?
WARNING: Shader Unsupported: 'HDRP/TerrainLit' - All subshaders removed
WARNING: Shader Did you use #pragma only_renderers and omit this platform?
WARNING: Shader If subshaders removal was intentional, you may have forgotten turning Fallback off?
Refreshing native plugins compatible for Editor in 1.56 ms, found 3 plugins.
Preloading 0 native plugins for Editor in 0.00 ms.
Unloading 188 Unused Serialized files (Serialized files now loaded: 0)
Unloading 7956 unused Assets / (27.0 MB). Loaded Objects now: 8658.
Memory consumption went from 231.2 MB to 204.1 MB.
Total: 14.447400 ms (FindLiveObjects: 1.632800 ms CreateObjectMapping: 0.910000 ms MarkObjects: 4.537900 ms  DeleteObjects: 7.365100 ms)

Prepare: number of updated asset objects reloaded= 0
========================================================================
Received Import Request.
  Time since last request: 3910.679146 seconds.
  path: Assets/scripts/ControleJoueur.cs
  artifactKey: Guid(c7154552dd26f2b409137e91203d7004) Importer(815301076,1909f56bfc062723c751e8b465ee728b)
Start importing Assets/scripts/ControleJoueur.cs using Guid(c7154552dd26f2b409137e91203d7004) Importer(815301076,1909f56bfc062723c751e8b465ee728b) (PreviewImporter) -> (artifact id: '343acfebd2b7f192ff460aab9a1a5b58') in 0.0026404 seconds
Number of updated asset objects reloaded before import = 0Number of asset objects unloaded after import = 0

========================================================================
Received Prepare
'Packages/com.unity.render-pipelines.high-definition/Editor/Wizard/HDWizard.UIElement.cs' contains partial class of Unity.Object, exactly 1 of the partial classes needs to be in a file with the same filename. This is to know the one that can be referenced from ie. GameObjects
'Packages/com.unity.render-pipelines.high-definition/Editor/Wizard/HDWizard.Configuration.cs' contains partial class of Unity.Object, exactly 1 of the partial classes needs to be in a file with the same filename. This is to know the one that can be referenced from ie. GameObjects
'Packages/com.unity.render-pipelines.high-definition/Editor/Wizard/HDWizard.Window.cs' contains partial class of Unity.Object, exactly 1 of the partial classes needs to be in a file with the same filename. This is to know the one that can be referenced from ie. GameObjects
WARNING: Shader Unsupported: 'HDRP/TerrainLit' - All subshaders removed
WARNING: Shader Did you use #pragma only_renderers and omit this platform?
WARNING: Shader If subshaders removal was intentional, you may have forgotten turning Fallback off?
WARNING: Shader Unsupported: 'HDRP/TerrainLit' - All subshaders removed
WARNING: Shader Did you use #pragma only_renderers and omit this platform?
WARNING: Shader If subshaders removal was intentional, you may have forgotten turning Fallback off?
Refreshing native plugins compatible for Editor in 3.54 ms, found 3 plugins.
Preloading 0 native plugins for Editor in 0.00 ms.
Unloading 188 Unused Serialized files (Serialized files now loaded: 0)
Unloading 7949 unused Assets / (28.8 MB). Loaded Objects now: 8658.
Memory consumption went from 231.4 MB to 202.6 MB.
Total: 26.155000 ms (FindLiveObjects: 1.847900 ms CreateObjectMapping: 1.654400 ms MarkObjects: 8.789100 ms  DeleteObjects: 13.860800 ms)

Prepare: number of updated asset objects reloaded= 0
========================================================================
Received Prepare
Begin MonoManager ReloadAssembly
- Loaded All Assemblies, in  1.265 seconds
'Packages/com.unity.render-pipelines.high-definition/Editor/Wizard/HDWizard.UIElement.cs' contains partial class of Unity.Object, exactly 1 of the partial classes needs to be in a file with the same filename. This is to know the one that can be referenced from ie. GameObjects
'Packages/com.unity.render-pipelines.high-definition/Editor/Wizard/HDWizard.Configuration.cs' contains partial class of Unity.Object, exactly 1 of the partial classes needs to be in a file with the same filename. This is to know the one that can be referenced from ie. GameObjects
'Packages/com.unity.render-pipelines.high-definition/Editor/Wizard/HDWizard.Window.cs' contains partial class of Unity.Object, exactly 1 of the partial classes needs to be in a file with the same filename. This is to know the one that can be referenced from ie. GameObjects
Refreshing native plugins compatible for Editor in 2.17 ms, found 3 plugins.
Native extension for WindowsStandalone target not found
[Package Manager] Failed to launch server process. Reason: Unity was launched with the -noUpm command-line argument
[Package Manager] Unable to send message (not connected to server process).
[Package Manager] Cannot connect to Unity Package Manager local server
Mono: successfully reloaded assembly
- Finished resetting the current domain, in  1.411 seconds
Domain Reload Profiling: 2669ms
	BeginReloadAssembly (317ms)
		ExecutionOrderSort (0ms)
		DisableScriptedObjects (10ms)
		BackupInstance (0ms)
		ReleaseScriptingObjects (0ms)
		CreateAndSetChildDomain (78ms)
	RebuildCommonClasses (55ms)
	RebuildNativeTypeToScriptingClass (20ms)
	initialDomainReloadingComplete (48ms)
	LoadAllAssembliesAndSetupDomain (819ms)
		LoadAssemblies (599ms)
		RebuildTransferFunctionScriptingTraits (0ms)
		AnalyzeDomain (363ms)
			TypeCache.Refresh (16ms)
				TypeCache.ScanAssembly (1ms)
			BuildScriptInfoCaches (321ms)
			ResolveRequiredComponents (21ms)
	FinalizeReload (1412ms)
		ReleaseScriptCaches (0ms)
		RebuildScriptCaches (0ms)
		SetupLoadedEditorAssemblies (1096ms)
			LogAssemblyErrors (0ms)
			InitializePlatformSupportModulesInManaged (5ms)
			SetLoadedEditorAssemblies (15ms)
			BeforeProcessingInitializeOnLoad (298ms)
			ProcessInitializeOnLoadAttributes (649ms)
			ProcessInitializeOnLoadMethodAttributes (111ms)
			AfterProcessingInitializeOnLoad (19ms)
			EditorAssembliesLoaded (1ms)
		ExecutionOrderSort2 (0ms)
		AwakeInstancesAfterBackupRestoration (31ms)
WARNING: Shader Unsupported: 'HDRP/TerrainLit' - All subshaders removed
WARNING: Shader Did you use #pragma only_renderers and omit this platform?
WARNING: Shader If subshaders removal was intentional, you may have forgotten turning Fallback off?
WARNING: Shader Unsupported: 'HDRP/TerrainLit' - All subshaders removed
WARNING: Shader Did you use #pragma only_renderers and omit this platform?
WARNING: Shader If subshaders removal was intentional, you may have forgotten turning Fallback off?
Refreshing native plugins compatible for Editor in 2.92 ms, found 3 plugins.
Preloading 0 native plugins for Editor in 0.00 ms.
Unloading 188 Unused Serialized files (Serialized files now loaded: 0)
Unloading 7956 unused Assets / (26.5 MB). Loaded Objects now: 8660.
Memory consumption went from 231.2 MB to 204.8 MB.
Total: 25.782300 ms (FindLiveObjects: 1.816600 ms CreateObjectMapping: 1.070800 ms MarkObjects: 10.145000 ms  DeleteObjects: 12.747400 ms)

Prepare: number of updated asset objects reloaded= 0
========================================================================
Received Prepare
Begin MonoManager ReloadAssembly
[Licensing::Client] Successfully resolved entitlement details
- Loaded All Assemblies, in  0.846 seconds
'Packages/com.unity.render-pipelines.high-definition/Editor/Wizard/HDWizard.UIElement.cs' contains partial class of Unity.Object, exactly 1 of the partial classes needs to be in a file with the same filename. This is to know the one that can be referenced from ie. GameObjects
'Packages/com.unity.render-pipelines.high-definition/Editor/Wizard/HDWizard.Configuration.cs' contains partial class of Unity.Object, exactly 1 of the partial classes needs to be in a file with the same filename. This is to know the one that can be referenced from ie. GameObjects
'Packages/com.unity.render-pipelines.high-definition/Editor/Wizard/HDWizard.Window.cs' contains partial class of Unity.Object, exactly 1 of the partial classes needs to be in a file with the same filename. This is to know the one that can be referenced from ie. GameObjects
Refreshing native plugins compatible for Editor in 1.37 ms, found 3 plugins.
Native extension for WindowsStandalone target not found
[Package Manager] Failed to launch server process. Reason: Unity was launched with the -noUpm command-line argument
[Package Manager] Unable to send message (not connected to server process).
[Package Manager] Cannot connect to Unity Package Manager local server
Mono: successfully reloaded assembly
- Finished resetting the current domain, in  1.001 seconds
Domain Reload Profiling: 1838ms
	BeginReloadAssembly (225ms)
		ExecutionOrderSort (0ms)
		DisableScriptedObjects (5ms)
		BackupInstance (0ms)
		ReleaseScriptingObjects (0ms)
		CreateAndSetChildDomain (57ms)
	RebuildCommonClasses (31ms)
	RebuildNativeTypeToScriptingClass (11ms)
	initialDomainReloadingComplete (29ms)
	LoadAllAssembliesAndSetupDomain (539ms)
		LoadAssemblies (399ms)
		RebuildTransferFunctionScriptingTraits (0ms)
		AnalyzeDomain (228ms)
			TypeCache.Refresh (6ms)
				TypeCache.ScanAssembly (0ms)
			BuildScriptInfoCaches (203ms)
			ResolveRequiredComponents (12ms)
	FinalizeReload (1002ms)
		ReleaseScriptCaches (0ms)
		RebuildScriptCaches (0ms)
		SetupLoadedEditorAssemblies (788ms)
			LogAssemblyErrors (0ms)
			InitializePlatformSupportModulesInManaged (2ms)
			SetLoadedEditorAssemblies (5ms)
			BeforeProcessingInitializeOnLoad (151ms)
			ProcessInitializeOnLoadAttributes (516ms)
			ProcessInitializeOnLoadMethodAttributes (100ms)
			AfterProcessingInitializeOnLoad (12ms)
			EditorAssembliesLoaded (1ms)
		ExecutionOrderSort2 (0ms)
		AwakeInstancesAfterBackupRestoration (30ms)
WARNING: Shader Unsupported: 'HDRP/TerrainLit' - All subshaders removed
WARNING: Shader Did you use #pragma only_renderers and omit this platform?
WARNING: Shader If subshaders removal was intentional, you may have forgotten turning Fallback off?
WARNING: Shader Unsupported: 'HDRP/TerrainLit' - All subshaders removed
WARNING: Shader Did you use #pragma only_renderers and omit this platform?
WARNING: Shader If subshaders removal was intentional, you may have forgotten turning Fallback off?
Refreshing native plugins compatible for Editor in 2.13 ms, found 3 plugins.
Preloading 0 native plugins for Editor in 0.00 ms.
Unloading 188 Unused Serialized files (Serialized files now loaded: 0)
Unloading 7956 unused Assets / (30.4 MB). Loaded Objects now: 8662.
Memory consumption went from 231.3 MB to 200.9 MB.
Total: 41.882800 ms (FindLiveObjects: 4.488800 ms CreateObjectMapping: 2.134400 ms MarkObjects: 12.148200 ms  DeleteObjects: 23.107700 ms)

Prepare: number of updated asset objects reloaded= 0
========================================================================
Received Prepare
'Packages/com.unity.render-pipelines.high-definition/Editor/Wizard/HDWizard.UIElement.cs' contains partial class of Unity.Object, exactly 1 of the partial classes needs to be in a file with the same filename. This is to know the one that can be referenced from ie. GameObjects
'Packages/com.unity.render-pipelines.high-definition/Editor/Wizard/HDWizard.Configuration.cs' contains partial class of Unity.Object, exactly 1 of the partial classes needs to be in a file with the same filename. This is to know the one that can be referenced from ie. GameObjects
'Packages/com.unity.render-pipelines.high-definition/Editor/Wizard/HDWizard.Window.cs' contains partial class of Unity.Object, exactly 1 of the partial classes needs to be in a file with the same filename. This is to know the one that can be referenced from ie. GameObjects
WARNING: Shader Unsupported: 'HDRP/TerrainLit' - All subshaders removed
WARNING: Shader Did you use #pragma only_renderers and omit this platform?
WARNING: Shader If subshaders removal was intentional, you may have forgotten turning Fallback off?
WARNING: Shader Unsupported: 'HDRP/TerrainLit' - All subshaders removed
WARNING: Shader Did you use #pragma only_renderers and omit this platform?
WARNING: Shader If subshaders removal was intentional, you may have forgotten turning Fallback off?
Refreshing native plugins compatible for Editor in 2.73 ms, found 3 plugins.
Preloading 0 native plugins for Editor in 0.00 ms.
Unloading 188 Unused Serialized files (Serialized files now loaded: 0)
Unloading 7949 unused Assets / (29.7 MB). Loaded Objects now: 8662.
Memory consumption went from 231.5 MB to 201.8 MB.
Total: 19.626000 ms (FindLiveObjects: 1.289700 ms CreateObjectMapping: 0.876200 ms MarkObjects: 7.201800 ms  DeleteObjects: 10.256200 ms)

Prepare: number of updated asset objects reloaded= 0
========================================================================
Received Prepare
Begin MonoManager ReloadAssembly
[Licensing::Client] Successfully resolved entitlement details
- Loaded All Assemblies, in  0.818 seconds
'Packages/com.unity.render-pipelines.high-definition/Editor/Wizard/HDWizard.UIElement.cs' contains partial class of Unity.Object, exactly 1 of the partial classes needs to be in a file with the same filename. This is to know the one that can be referenced from ie. GameObjects
'Packages/com.unity.render-pipelines.high-definition/Editor/Wizard/HDWizard.Configuration.cs' contains partial class of Unity.Object, exactly 1 of the partial classes needs to be in a file with the same filename. This is to know the one that can be referenced from ie. GameObjects
'Packages/com.unity.render-pipelines.high-definition/Editor/Wizard/HDWizard.Window.cs' contains partial class of Unity.Object, exactly 1 of the partial classes needs to be in a file with the same filename. This is to know the one that can be referenced from ie. GameObjects
Refreshing native plugins compatible for Editor in 1.23 ms, found 3 plugins.
Native extension for WindowsStandalone target not found
[Package Manager] Failed to launch server process. Reason: Unity was launched with the -noUpm command-line argument
[Package Manager] Unable to send message (not connected to server process).
[Package Manager] Cannot connect to Unity Package Manager local server
Mono: successfully reloaded assembly
- Finished resetting the current domain, in  0.752 seconds
Domain Reload Profiling: 1566ms
	BeginReloadAssembly (240ms)
		ExecutionOrderSort (0ms)
		DisableScriptedObjects (6ms)
		BackupInstance (0ms)
		ReleaseScriptingObjects (0ms)
		CreateAndSetChildDomain (55ms)
	RebuildCommonClasses (34ms)
	RebuildNativeTypeToScriptingClass (11ms)
	initialDomainReloadingComplete (29ms)
	LoadAllAssembliesAndSetupDomain (500ms)
		LoadAssemblies (386ms)
		RebuildTransferFunctionScriptingTraits (0ms)
		AnalyzeDomain (204ms)
			TypeCache.Refresh (11ms)
				TypeCache.ScanAssembly (1ms)
			BuildScriptInfoCaches (178ms)
			ResolveRequiredComponents (10ms)
	FinalizeReload (753ms)
		ReleaseScriptCaches (0ms)
		RebuildScriptCaches (0ms)
		SetupLoadedEditorAssemblies (593ms)
			LogAssemblyErrors (0ms)
			InitializePlatformSupportModulesInManaged (2ms)
			SetLoadedEditorAssemblies (5ms)
			BeforeProcessingInitializeOnLoad (155ms)
			ProcessInitializeOnLoadAttributes (359ms)
			ProcessInitializeOnLoadMethodAttributes (57ms)
			AfterProcessingInitializeOnLoad (14ms)
			EditorAssembliesLoaded (0ms)
		ExecutionOrderSort2 (0ms)
		AwakeInstancesAfterBackupRestoration (15ms)
WARNING: Shader Unsupported: 'HDRP/TerrainLit' - All subshaders removed
WARNING: Shader Did you use #pragma only_renderers and omit this platform?
WARNING: Shader If subshaders removal was intentional, you may have forgotten turning Fallback off?
WARNING: Shader Unsupported: 'HDRP/TerrainLit' - All subshaders removed
WARNING: Shader Did you use #pragma only_renderers and omit this platform?
WARNING: Shader If subshaders removal was intentional, you may have forgotten turning Fallback off?
Refreshing native plugins compatible for Editor in 1.73 ms, found 3 plugins.
Preloading 0 native plugins for Editor in 0.00 ms.
Unloading 188 Unused Serialized files (Serialized files now loaded: 0)
Unloading 7956 unused Assets / (27.3 MB). Loaded Objects now: 8664.
Memory consumption went from 231.4 MB to 204.1 MB.
Total: 12.514400 ms (FindLiveObjects: 0.989000 ms CreateObjectMapping: 0.470700 ms MarkObjects: 4.229200 ms  DeleteObjects: 6.824300 ms)

Prepare: number of updated asset objects reloaded= 0
========================================================================
Received Prepare
Begin MonoManager ReloadAssembly
- Loaded All Assemblies, in  0.891 seconds
'Packages/com.unity.render-pipelines.high-definition/Editor/Wizard/HDWizard.UIElement.cs' contains partial class of Unity.Object, exactly 1 of the partial classes needs to be in a file with the same filename. This is to know the one that can be referenced from ie. GameObjects
'Packages/com.unity.render-pipelines.high-definition/Editor/Wizard/HDWizard.Configuration.cs' contains partial class of Unity.Object, exactly 1 of the partial classes needs to be in a file with the same filename. This is to know the one that can be referenced from ie. GameObjects
'Packages/com.unity.render-pipelines.high-definition/Editor/Wizard/HDWizard.Window.cs' contains partial class of Unity.Object, exactly 1 of the partial classes needs to be in a file with the same filename. This is to know the one that can be referenced from ie. GameObjects
Refreshing native plugins compatible for Editor in 1.40 ms, found 3 plugins.
Native extension for WindowsStandalone target not found
[Package Manager] Failed to launch server process. Reason: Unity was launched with the -noUpm command-line argument
[Package Manager] Unable to send message (not connected to server process).
[Package Manager] Cannot connect to Unity Package Manager local server
Mono: successfully reloaded assembly
- Finished resetting the current domain, in  1.171 seconds
Domain Reload Profiling: 2059ms
	BeginReloadAssembly (233ms)
		ExecutionOrderSort (0ms)
		DisableScriptedObjects (5ms)
		BackupInstance (0ms)
		ReleaseScriptingObjects (0ms)
		CreateAndSetChildDomain (57ms)
	RebuildCommonClasses (40ms)
	RebuildNativeTypeToScriptingClass (15ms)
	initialDomainReloadingComplete (33ms)
	LoadAllAssembliesAndSetupDomain (566ms)
		LoadAssemblies (420ms)
		RebuildTransferFunctionScriptingTraits (0ms)
		AnalyzeDomain (260ms)
			TypeCache.Refresh (6ms)
				TypeCache.ScanAssembly (0ms)
			BuildScriptInfoCaches (237ms)
			ResolveRequiredComponents (12ms)
	FinalizeReload (1172ms)
		ReleaseScriptCaches (0ms)
		RebuildScriptCaches (0ms)
		SetupLoadedEditorAssemblies (949ms)
			LogAssemblyErrors (0ms)
			InitializePlatformSupportModulesInManaged (2ms)
			SetLoadedEditorAssemblies (6ms)
			BeforeProcessingInitializeOnLoad (194ms)
			ProcessInitializeOnLoadAttributes (644ms)
			ProcessInitializeOnLoadMethodAttributes (89ms)
			AfterProcessingInitializeOnLoad (13ms)
			EditorAssembliesLoaded (1ms)
		ExecutionOrderSort2 (0ms)
		AwakeInstancesAfterBackupRestoration (27ms)
WARNING: Shader Unsupported: 'HDRP/TerrainLit' - All subshaders removed
WARNING: Shader Did you use #pragma only_renderers and omit this platform?
WARNING: Shader If subshaders removal was intentional, you may have forgotten turning Fallback off?
WARNING: Shader Unsupported: 'HDRP/TerrainLit' - All subshaders removed
WARNING: Shader Did you use #pragma only_renderers and omit this platform?
WARNING: Shader If subshaders removal was intentional, you may have forgotten turning Fallback off?
Refreshing native plugins compatible for Editor in 2.49 ms, found 3 plugins.
Preloading 0 native plugins for Editor in 0.00 ms.
Unloading 188 Unused Serialized files (Serialized files now loaded: 0)
Unloading 7956 unused Assets / (29.7 MB). Loaded Objects now: 8666.
Memory consumption went from 231.4 MB to 201.7 MB.
Total: 34.371200 ms (FindLiveObjects: 2.177300 ms CreateObjectMapping: 1.905600 ms MarkObjects: 10.605000 ms  DeleteObjects: 19.681600 ms)

Prepare: number of updated asset objects reloaded= 0
========================================================================
Received Prepare
'Packages/com.unity.render-pipelines.high-definition/Editor/Wizard/HDWizard.UIElement.cs' contains partial class of Unity.Object, exactly 1 of the partial classes needs to be in a file with the same filename. This is to know the one that can be referenced from ie. GameObjects
'Packages/com.unity.render-pipelines.high-definition/Editor/Wizard/HDWizard.Configuration.cs' contains partial class of Unity.Object, exactly 1 of the partial classes needs to be in a file with the same filename. This is to know the one that can be referenced from ie. GameObjects
'Packages/com.unity.render-pipelines.high-definition/Editor/Wizard/HDWizard.Window.cs' contains partial class of Unity.Object, exactly 1 of the partial classes needs to be in a file with the same filename. This is to know the one that can be referenced from ie. GameObjects
WARNING: Shader Unsupported: 'HDRP/TerrainLit' - All subshaders removed
WARNING: Shader Did you use #pragma only_renderers and omit this platform?
WARNING: Shader If subshaders removal was intentional, you may have forgotten turning Fallback off?
WARNING: Shader Unsupported: 'HDRP/TerrainLit' - All subshaders removed
WARNING: Shader Did you use #pragma only_renderers and omit this platform?
WARNING: Shader If subshaders removal was intentional, you may have forgotten turning Fallback off?
Refreshing native plugins compatible for Editor in 4.42 ms, found 3 plugins.
Preloading 0 native plugins for Editor in 0.00 ms.
Unloading 188 Unused Serialized files (Serialized files now loaded: 0)
Unloading 7949 unused Assets / (29.2 MB). Loaded Objects now: 8666.
Memory consumption went from 231.6 MB to 202.4 MB.
Total: 39.143000 ms (FindLiveObjects: 3.425200 ms CreateObjectMapping: 1.568700 ms MarkObjects: 13.088800 ms  DeleteObjects: 21.058200 ms)

Prepare: number of updated asset objects reloaded= 0
========================================================================
Received Prepare
Begin MonoManager ReloadAssembly
- Loaded All Assemblies, in  0.848 seconds
'Packages/com.unity.render-pipelines.high-definition/Editor/Wizard/HDWizard.UIElement.cs' contains partial class of Unity.Object, exactly 1 of the partial classes needs to be in a file with the same filename. This is to know the one that can be referenced from ie. GameObjects
'Packages/com.unity.render-pipelines.high-definition/Editor/Wizard/HDWizard.Configuration.cs' contains partial class of Unity.Object, exactly 1 of the partial classes needs to be in a file with the same filename. This is to know the one that can be referenced from ie. GameObjects
'Packages/com.unity.render-pipelines.high-definition/Editor/Wizard/HDWizard.Window.cs' contains partial class of Unity.Object, exactly 1 of the partial classes needs to be in a file with the same filename. This is to know the one that can be referenced from ie. GameObjects
Refreshing native plugins compatible for Editor in 3.53 ms, found 3 plugins.
Native extension for WindowsStandalone target not found
[Package Manager] Failed to launch server process. Reason: Unity was launched with the -noUpm command-line argument
[Package Manager] Unable to send message (not connected to server process).
[Package Manager] Cannot connect to Unity Package Manager local server
Mono: successfully reloaded assembly
- Finished resetting the current domain, in  1.360 seconds
Domain Reload Profiling: 2216ms
	BeginReloadAssembly (241ms)
		ExecutionOrderSort (0ms)
		DisableScriptedObjects (8ms)
		BackupInstance (0ms)
		ReleaseScriptingObjects (0ms)
		CreateAndSetChildDomain (70ms)
	RebuildCommonClasses (43ms)
	RebuildNativeTypeToScriptingClass (14ms)
	initialDomainReloadingComplete (36ms)
	LoadAllAssembliesAndSetupDomain (521ms)
		LoadAssemblies (383ms)
		RebuildTransferFunctionScriptingTraits (0ms)
		AnalyzeDomain (228ms)
			TypeCache.Refresh (9ms)
				TypeCache.ScanAssembly (1ms)
			BuildScriptInfoCaches (196ms)
			ResolveRequiredComponents (14ms)
	FinalizeReload (1361ms)
		ReleaseScriptCaches (0ms)
		RebuildScriptCaches (0ms)
		SetupLoadedEditorAssemblies (1011ms)
			LogAssemblyErrors (0ms)
			InitializePlatformSupportModulesInManaged (3ms)
			SetLoadedEditorAssemblies (14ms)
			BeforeProcessingInitializeOnLoad (244ms)
			ProcessInitializeOnLoadAttributes (628ms)
			ProcessInitializeOnLoadMethodAttributes (106ms)
			AfterProcessingInitializeOnLoad (15ms)
			EditorAssembliesLoaded (1ms)
		ExecutionOrderSort2 (0ms)
		AwakeInstancesAfterBackupRestoration (28ms)
WARNING: Shader Unsupported: 'HDRP/TerrainLit' - All subshaders removed
WARNING: Shader Did you use #pragma only_renderers and omit this platform?
WARNING: Shader If subshaders removal was intentional, you may have forgotten turning Fallback off?
WARNING: Shader Unsupported: 'HDRP/TerrainLit' - All subshaders removed
WARNING: Shader Did you use #pragma only_renderers and omit this platform?
WARNING: Shader If subshaders removal was intentional, you may have forgotten turning Fallback off?
Refreshing native plugins compatible for Editor in 2.20 ms, found 3 plugins.
Preloading 0 native plugins for Editor in 0.00 ms.
Unloading 188 Unused Serialized files (Serialized files now loaded: 0)
Unloading 7956 unused Assets / (29.2 MB). Loaded Objects now: 8668.
Memory consumption went from 231.4 MB to 202.2 MB.
Total: 34.482700 ms (FindLiveObjects: 4.653800 ms CreateObjectMapping: 3.206500 ms MarkObjects: 8.259900 ms  DeleteObjects: 18.359100 ms)

Prepare: number of updated asset objects reloaded= 0
========================================================================
Received Prepare
'Packages/com.unity.render-pipelines.high-definition/Editor/Wizard/HDWizard.UIElement.cs' contains partial class of Unity.Object, exactly 1 of the partial classes needs to be in a file with the same filename. This is to know the one that can be referenced from ie. GameObjects
'Packages/com.unity.render-pipelines.high-definition/Editor/Wizard/HDWizard.Configuration.cs' contains partial class of Unity.Object, exactly 1 of the partial classes needs to be in a file with the same filename. This is to know the one that can be referenced from ie. GameObjects
'Packages/com.unity.render-pipelines.high-definition/Editor/Wizard/HDWizard.Window.cs' contains partial class of Unity.Object, exactly 1 of the partial classes needs to be in a file with the same filename. This is to know the one that can be referenced from ie. GameObjects
WARNING: Shader Unsupported: 'HDRP/TerrainLit' - All subshaders removed
WARNING: Shader Did you use #pragma only_renderers and omit this platform?
WARNING: Shader If subshaders removal was intentional, you may have forgotten turning Fallback off?
WARNING: Shader Unsupported: 'HDRP/TerrainLit' - All subshaders removed
WARNING: Shader Did you use #pragma only_renderers and omit this platform?
WARNING: Shader If subshaders removal was intentional, you may have forgotten turning Fallback off?
Refreshing native plugins compatible for Editor in 3.48 ms, found 3 plugins.
Preloading 0 native plugins for Editor in 0.00 ms.
Unloading 188 Unused Serialized files (Serialized files now loaded: 0)
Unloading 7949 unused Assets / (28.9 MB). Loaded Objects now: 8668.
Memory consumption went from 231.6 MB to 202.7 MB.
Total: 37.004900 ms (FindLiveObjects: 2.979900 ms CreateObjectMapping: 1.820900 ms MarkObjects: 13.771100 ms  DeleteObjects: 18.430300 ms)

Prepare: number of updated asset objects reloaded= 0
========================================================================
Received Prepare
Begin MonoManager ReloadAssembly
[Licensing::Client] Successfully resolved entitlement details
- Loaded All Assemblies, in  1.457 seconds
'Packages/com.unity.render-pipelines.high-definition/Editor/Wizard/HDWizard.UIElement.cs' contains partial class of Unity.Object, exactly 1 of the partial classes needs to be in a file with the same filename. This is to know the one that can be referenced from ie. GameObjects
'Packages/com.unity.render-pipelines.high-definition/Editor/Wizard/HDWizard.Configuration.cs' contains partial class of Unity.Object, exactly 1 of the partial classes needs to be in a file with the same filename. This is to know the one that can be referenced from ie. GameObjects
'Packages/com.unity.render-pipelines.high-definition/Editor/Wizard/HDWizard.Window.cs' contains partial class of Unity.Object, exactly 1 of the partial classes needs to be in a file with the same filename. This is to know the one that can be referenced from ie. GameObjects
Refreshing native plugins compatible for Editor in 1.89 ms, found 3 plugins.
Native extension for WindowsStandalone target not found
[Package Manager] Failed to launch server process. Reason: Unity was launched with the -noUpm command-line argument
[Package Manager] Unable to send message (not connected to server process).
[Package Manager] Cannot connect to Unity Package Manager local server
Mono: successfully reloaded assembly
- Finished resetting the current domain, in  1.318 seconds
Domain Reload Profiling: 2769ms
	BeginReloadAssembly (427ms)
		ExecutionOrderSort (0ms)
		DisableScriptedObjects (13ms)
		BackupInstance (0ms)
		ReleaseScriptingObjects (0ms)
		CreateAndSetChildDomain (102ms)
	RebuildCommonClasses (85ms)
	RebuildNativeTypeToScriptingClass (20ms)
	initialDomainReloadingComplete (57ms)
	LoadAllAssembliesAndSetupDomain (860ms)
		LoadAssemblies (677ms)
		RebuildTransferFunctionScriptingTraits (0ms)
		AnalyzeDomain (371ms)
			TypeCache.Refresh (14ms)
				TypeCache.ScanAssembly (1ms)
			BuildScriptInfoCaches (335ms)
			ResolveRequiredComponents (15ms)
	FinalizeReload (1319ms)
		ReleaseScriptCaches (0ms)
		RebuildScriptCaches (0ms)
		SetupLoadedEditorAssemblies (1038ms)
			LogAssemblyErrors (0ms)
			InitializePlatformSupportModulesInManaged (3ms)
			SetLoadedEditorAssemblies (8ms)
			BeforeProcessingInitializeOnLoad (283ms)
			ProcessInitializeOnLoadAttributes (618ms)
			ProcessInitializeOnLoadMethodAttributes (113ms)
			AfterProcessingInitializeOnLoad (12ms)
			EditorAssembliesLoaded (1ms)
		ExecutionOrderSort2 (0ms)
		AwakeInstancesAfterBackupRestoration (27ms)
WARNING: Shader Unsupported: 'HDRP/TerrainLit' - All subshaders removed
WARNING: Shader Did you use #pragma only_renderers and omit this platform?
WARNING: Shader If subshaders removal was intentional, you may have forgotten turning Fallback off?
WARNING: Shader Unsupported: 'HDRP/TerrainLit' - All subshaders removed
WARNING: Shader Did you use #pragma only_renderers and omit this platform?
WARNING: Shader If subshaders removal was intentional, you may have forgotten turning Fallback off?
Refreshing native plugins compatible for Editor in 1.93 ms, found 3 plugins.
Preloading 0 native plugins for Editor in 0.00 ms.
Unloading 188 Unused Serialized files (Serialized files now loaded: 0)
Unloading 7956 unused Assets / (29.2 MB). Loaded Objects now: 8670.
Memory consumption went from 231.5 MB to 202.3 MB.
Total: 17.538500 ms (FindLiveObjects: 1.062200 ms CreateObjectMapping: 0.596700 ms MarkObjects: 5.839300 ms  DeleteObjects: 10.038600 ms)

Prepare: number of updated asset objects reloaded= 0
========================================================================
Received Prepare
'Packages/com.unity.render-pipelines.high-definition/Editor/Wizard/HDWizard.UIElement.cs' contains partial class of Unity.Object, exactly 1 of the partial classes needs to be in a file with the same filename. This is to know the one that can be referenced from ie. GameObjects
'Packages/com.unity.render-pipelines.high-definition/Editor/Wizard/HDWizard.Configuration.cs' contains partial class of Unity.Object, exactly 1 of the partial classes needs to be in a file with the same filename. This is to know the one that can be referenced from ie. GameObjects
'Packages/com.unity.render-pipelines.high-definition/Editor/Wizard/HDWizard.Window.cs' contains partial class of Unity.Object, exactly 1 of the partial classes needs to be in a file with the same filename. This is to know the one that can be referenced from ie. GameObjects
WARNING: Shader Unsupported: 'HDRP/TerrainLit' - All subshaders removed
WARNING: Shader Did you use #pragma only_renderers and omit this platform?
WARNING: Shader If subshaders removal was intentional, you may have forgotten turning Fallback off?
WARNING: Shader Unsupported: 'HDRP/TerrainLit' - All subshaders removed
WARNING: Shader Did you use #pragma only_renderers and omit this platform?
WARNING: Shader If subshaders removal was intentional, you may have forgotten turning Fallback off?
Refreshing native plugins compatible for Editor in 3.23 ms, found 3 plugins.
Preloading 0 native plugins for Editor in 0.00 ms.
Unloading 188 Unused Serialized files (Serialized files now loaded: 0)
Unloading 7949 unused Assets / (31.1 MB). Loaded Objects now: 8670.
Memory consumption went from 231.6 MB to 200.5 MB.
Total: 42.097000 ms (FindLiveObjects: 4.047500 ms CreateObjectMapping: 2.071900 ms MarkObjects: 12.362400 ms  DeleteObjects: 23.612900 ms)

Prepare: number of updated asset objects reloaded= 0
========================================================================
Received Prepare
Begin MonoManager ReloadAssembly
- Loaded All Assemblies, in  1.325 seconds
'Packages/com.unity.render-pipelines.high-definition/Editor/Wizard/HDWizard.UIElement.cs' contains partial class of Unity.Object, exactly 1 of the partial classes needs to be in a file with the same filename. This is to know the one that can be referenced from ie. GameObjects
'Packages/com.unity.render-pipelines.high-definition/Editor/Wizard/HDWizard.Configuration.cs' contains partial class of Unity.Object, exactly 1 of the partial classes needs to be in a file with the same filename. This is to know the one that can be referenced from ie. GameObjects
'Packages/com.unity.render-pipelines.high-definition/Editor/Wizard/HDWizard.Window.cs' contains partial class of Unity.Object, exactly 1 of the partial classes needs to be in a file with the same filename. This is to know the one that can be referenced from ie. GameObjects
Refreshing native plugins compatible for Editor in 2.40 ms, found 3 plugins.
Native extension for WindowsStandalone target not found
[Package Manager] Failed to launch server process. Reason: Unity was launched with the -noUpm command-line argument
[Package Manager] Unable to send message (not connected to server process).
[Package Manager] Cannot connect to Unity Package Manager local server
Mono: successfully reloaded assembly
- Finished resetting the current domain, in  1.331 seconds
Domain Reload Profiling: 2654ms
	BeginReloadAssembly (310ms)
		ExecutionOrderSort (0ms)
		DisableScriptedObjects (10ms)
		BackupInstance (0ms)
		ReleaseScriptingObjects (0ms)
		CreateAndSetChildDomain (72ms)
	RebuildCommonClasses (60ms)
	RebuildNativeTypeToScriptingClass (24ms)
	initialDomainReloadingComplete (56ms)
	LoadAllAssembliesAndSetupDomain (871ms)
		LoadAssemblies (623ms)
		RebuildTransferFunctionScriptingTraits (0ms)
		AnalyzeDomain (382ms)
			TypeCache.Refresh (15ms)
				TypeCache.ScanAssembly (1ms)
			BuildScriptInfoCaches (340ms)
			ResolveRequiredComponents (19ms)
	FinalizeReload (1333ms)
		ReleaseScriptCaches (0ms)
		RebuildScriptCaches (0ms)
		SetupLoadedEditorAssemblies (1033ms)
			LogAssemblyErrors (0ms)
			InitializePlatformSupportModulesInManaged (4ms)
			SetLoadedEditorAssemblies (9ms)
			BeforeProcessingInitializeOnLoad (273ms)
			ProcessInitializeOnLoadAttributes (636ms)
			ProcessInitializeOnLoadMethodAttributes (98ms)
			AfterProcessingInitializeOnLoad (12ms)
			EditorAssembliesLoaded (1ms)
		ExecutionOrderSort2 (0ms)
		AwakeInstancesAfterBackupRestoration (35ms)
WARNING: Shader Unsupported: 'HDRP/TerrainLit' - All subshaders removed
WARNING: Shader Did you use #pragma only_renderers and omit this platform?
WARNING: Shader If subshaders removal was intentional, you may have forgotten turning Fallback off?
WARNING: Shader Unsupported: 'HDRP/TerrainLit' - All subshaders removed
WARNING: Shader Did you use #pragma only_renderers and omit this platform?
WARNING: Shader If subshaders removal was intentional, you may have forgotten turning Fallback off?
Refreshing native plugins compatible for Editor in 1.99 ms, found 3 plugins.
Preloading 0 native plugins for Editor in 0.00 ms.
Unloading 188 Unused Serialized files (Serialized files now loaded: 0)
Unloading 7956 unused Assets / (28.8 MB). Loaded Objects now: 8672.
Memory consumption went from 231.5 MB to 202.7 MB.
Total: 22.790000 ms (FindLiveObjects: 1.912700 ms CreateObjectMapping: 1.117800 ms MarkObjects: 8.610100 ms  DeleteObjects: 11.147500 ms)

Prepare: number of updated asset objects reloaded= 0
========================================================================
Received Prepare
'Packages/com.unity.render-pipelines.high-definition/Editor/Wizard/HDWizard.UIElement.cs' contains partial class of Unity.Object, exactly 1 of the partial classes needs to be in a file with the same filename. This is to know the one that can be referenced from ie. GameObjects
'Packages/com.unity.render-pipelines.high-definition/Editor/Wizard/HDWizard.Configuration.cs' contains partial class of Unity.Object, exactly 1 of the partial classes needs to be in a file with the same filename. This is to know the one that can be referenced from ie. GameObjects
'Packages/com.unity.render-pipelines.high-definition/Editor/Wizard/HDWizard.Window.cs' contains partial class of Unity.Object, exactly 1 of the partial classes needs to be in a file with the same filename. This is to know the one that can be referenced from ie. GameObjects
WARNING: Shader Unsupported: 'HDRP/TerrainLit' - All subshaders removed
WARNING: Shader Did you use #pragma only_renderers and omit this platform?
WARNING: Shader If subshaders removal was intentional, you may have forgotten turning Fallback off?
WARNING: Shader Unsupported: 'HDRP/TerrainLit' - All subshaders removed
WARNING: Shader Did you use #pragma only_renderers and omit this platform?
WARNING: Shader If subshaders removal was intentional, you may have forgotten turning Fallback off?
Refreshing native plugins compatible for Editor in 4.24 ms, found 3 plugins.
Preloading 0 native plugins for Editor in 0.00 ms.
Unloading 188 Unused Serialized files (Serialized files now loaded: 0)
Unloading 7949 unused Assets / (29.7 MB). Loaded Objects now: 8672.
Memory consumption went from 231.7 MB to 202.1 MB.
Total: 37.021800 ms (FindLiveObjects: 2.946300 ms CreateObjectMapping: 2.470300 ms MarkObjects: 11.906000 ms  DeleteObjects: 19.696700 ms)

Prepare: number of updated asset objects reloaded= 0
========================================================================
Received Prepare
Begin MonoManager ReloadAssembly
[Licensing::Client] Successfully resolved entitlement details
- Loaded All Assemblies, in  1.319 seconds
'Packages/com.unity.render-pipelines.high-definition/Editor/Wizard/HDWizard.UIElement.cs' contains partial class of Unity.Object, exactly 1 of the partial classes needs to be in a file with the same filename. This is to know the one that can be referenced from ie. GameObjects
'Packages/com.unity.render-pipelines.high-definition/Editor/Wizard/HDWizard.Configuration.cs' contains partial class of Unity.Object, exactly 1 of the partial classes needs to be in a file with the same filename. This is to know the one that can be referenced from ie. GameObjects
'Packages/com.unity.render-pipelines.high-definition/Editor/Wizard/HDWizard.Window.cs' contains partial class of Unity.Object, exactly 1 of the partial classes needs to be in a file with the same filename. This is to know the one that can be referenced from ie. GameObjects
Refreshing native plugins compatible for Editor in 1.65 ms, found 3 plugins.
Native extension for WindowsStandalone target not found
[Package Manager] Failed to launch server process. Reason: Unity was launched with the -noUpm command-line argument
[Package Manager] Unable to send message (not connected to server process).
[Package Manager] Cannot connect to Unity Package Manager local server
Mono: successfully reloaded assembly
- Finished resetting the current domain, in  0.752 seconds
Domain Reload Profiling: 2065ms
	BeginReloadAssembly (427ms)
		ExecutionOrderSort (0ms)
		DisableScriptedObjects (11ms)
		BackupInstance (0ms)
		ReleaseScriptingObjects (0ms)
		CreateAndSetChildDomain (105ms)
	RebuildCommonClasses (77ms)
	RebuildNativeTypeToScriptingClass (25ms)
	initialDomainReloadingComplete (62ms)
	LoadAllAssembliesAndSetupDomain (722ms)
		LoadAssemblies (668ms)
		RebuildTransferFunctionScriptingTraits (0ms)
		AnalyzeDomain (238ms)
			TypeCache.Refresh (17ms)
				TypeCache.ScanAssembly (1ms)
			BuildScriptInfoCaches (206ms)
			ResolveRequiredComponents (10ms)
	FinalizeReload (753ms)
		ReleaseScriptCaches (0ms)
		RebuildScriptCaches (0ms)
		SetupLoadedEditorAssemblies (576ms)
			LogAssemblyErrors (0ms)
			InitializePlatformSupportModulesInManaged (2ms)
			SetLoadedEditorAssemblies (5ms)
			BeforeProcessingInitializeOnLoad (149ms)
			ProcessInitializeOnLoadAttributes (349ms)
			ProcessInitializeOnLoadMethodAttributes (65ms)
			AfterProcessingInitializeOnLoad (7ms)
			EditorAssembliesLoaded (0ms)
		ExecutionOrderSort2 (0ms)
		AwakeInstancesAfterBackupRestoration (15ms)
WARNING: Shader Unsupported: 'HDRP/TerrainLit' - All subshaders removed
WARNING: Shader Did you use #pragma only_renderers and omit this platform?
WARNING: Shader If subshaders removal was intentional, you may have forgotten turning Fallback off?
WARNING: Shader Unsupported: 'HDRP/TerrainLit' - All subshaders removed
WARNING: Shader Did you use #pragma only_renderers and omit this platform?
WARNING: Shader If subshaders removal was intentional, you may have forgotten turning Fallback off?
Refreshing native plugins compatible for Editor in 2.07 ms, found 3 plugins.
Preloading 0 native plugins for Editor in 0.00 ms.
Unloading 188 Unused Serialized files (Serialized files now loaded: 0)
Unloading 7956 unused Assets / (27.7 MB). Loaded Objects now: 8674.
Memory consumption went from 231.6 MB to 203.8 MB.
Total: 16.290800 ms (FindLiveObjects: 1.461900 ms CreateObjectMapping: 1.387000 ms MarkObjects: 4.824300 ms  DeleteObjects: 8.615700 ms)

Prepare: number of updated asset objects reloaded= 0
========================================================================
Received Prepare
Begin MonoManager ReloadAssembly
- Loaded All Assemblies, in  0.884 seconds
'Packages/com.unity.render-pipelines.high-definition/Editor/Wizard/HDWizard.UIElement.cs' contains partial class of Unity.Object, exactly 1 of the partial classes needs to be in a file with the same filename. This is to know the one that can be referenced from ie. GameObjects
'Packages/com.unity.render-pipelines.high-definition/Editor/Wizard/HDWizard.Configuration.cs' contains partial class of Unity.Object, exactly 1 of the partial classes needs to be in a file with the same filename. This is to know the one that can be referenced from ie. GameObjects
'Packages/com.unity.render-pipelines.high-definition/Editor/Wizard/HDWizard.Window.cs' contains partial class of Unity.Object, exactly 1 of the partial classes needs to be in a file with the same filename. This is to know the one that can be referenced from ie. GameObjects
Refreshing native plugins compatible for Editor in 1.20 ms, found 3 plugins.
Native extension for WindowsStandalone target not found
[Package Manager] Failed to launch server process. Reason: Unity was launched with the -noUpm command-line argument
[Package Manager] Unable to send message (not connected to server process).
[Package Manager] Cannot connect to Unity Package Manager local server
Mono: successfully reloaded assembly
- Finished resetting the current domain, in  1.081 seconds
Domain Reload Profiling: 1962ms
	BeginReloadAssembly (235ms)
		ExecutionOrderSort (0ms)
		DisableScriptedObjects (10ms)
		BackupInstance (0ms)
		ReleaseScriptingObjects (0ms)
		CreateAndSetChildDomain (71ms)
	RebuildCommonClasses (40ms)
	RebuildNativeTypeToScriptingClass (16ms)
	initialDomainReloadingComplete (31ms)
	LoadAllAssembliesAndSetupDomain (557ms)
		LoadAssemblies (421ms)
		RebuildTransferFunctionScriptingTraits (0ms)
		AnalyzeDomain (228ms)
			TypeCache.Refresh (8ms)
				TypeCache.ScanAssembly (0ms)
			BuildScriptInfoCaches (204ms)
			ResolveRequiredComponents (11ms)
	FinalizeReload (1082ms)
		ReleaseScriptCaches (0ms)
		RebuildScriptCaches (0ms)
		SetupLoadedEditorAssemblies (891ms)
			LogAssemblyErrors (0ms)
			InitializePlatformSupportModulesInManaged (2ms)
			SetLoadedEditorAssemblies (5ms)
			BeforeProcessingInitializeOnLoad (152ms)
			ProcessInitializeOnLoadAttributes (615ms)
			ProcessInitializeOnLoadMethodAttributes (104ms)
			AfterProcessingInitializeOnLoad (13ms)
			EditorAssembliesLoaded (0ms)
		ExecutionOrderSort2 (0ms)
		AwakeInstancesAfterBackupRestoration (18ms)
WARNING: Shader Unsupported: 'HDRP/TerrainLit' - All subshaders removed
WARNING: Shader Did you use #pragma only_renderers and omit this platform?
WARNING: Shader If subshaders removal was intentional, you may have forgotten turning Fallback off?
WARNING: Shader Unsupported: 'HDRP/TerrainLit' - All subshaders removed
WARNING: Shader Did you use #pragma only_renderers and omit this platform?
WARNING: Shader If subshaders removal was intentional, you may have forgotten turning Fallback off?
Refreshing native plugins compatible for Editor in 1.83 ms, found 3 plugins.
Preloading 0 native plugins for Editor in 0.00 ms.
Unloading 188 Unused Serialized files (Serialized files now loaded: 0)
Unloading 7956 unused Assets / (28.2 MB). Loaded Objects now: 8676.
Memory consumption went from 231.6 MB to 203.4 MB.
Total: 35.565100 ms (FindLiveObjects: 1.463900 ms CreateObjectMapping: 2.071400 ms MarkObjects: 12.356300 ms  DeleteObjects: 19.671200 ms)

Prepare: number of updated asset objects reloaded= 0
========================================================================
Received Import Request.
  Time since last request: 339.301562 seconds.
  path: Assets/SCENES/3-Jeu.unity
  artifactKey: Guid(99c9720ab356a0642a771bea13969a05) Importer(815301076,1909f56bfc062723c751e8b465ee728b)
Start importing Assets/SCENES/3-Jeu.unity using Guid(99c9720ab356a0642a771bea13969a05) Importer(815301076,1909f56bfc062723c751e8b465ee728b) (PreviewImporter) -> (artifact id: '745107b12c0f44a78e7583c35cc4cdb1') in 0.0034936 seconds
Number of updated asset objects reloaded before import = 0Number of asset objects unloaded after import = 0

